CD_MUN,NM_MUN,SIGLA_UF,AREA_KM2,boundbox,s_lim,o_lim,n_lim,l_lim
4100000,Escolha um município,PR,228.717,"-54.620213325 -26.71712200, -48.023537434 -26.7171220059, -48.023537434 -22.5162951639, -54.620213325 -22.516295163, -54.620213325 -26.71712200","-54.620213325","-26.71712200","-48.023537434","-22.5162951639"
4100103,Abatiá,PR,228.717,"-50.48110161 -23.38284845, -50.19146793 -23.38284845, -50.19146793 -23.22442889, -50.48110161 -23.22442889, -50.48110161 -23.38284845","-50,48110161","-23,38284845","-50,19146793","-23,22442889"
4100202,Adrianópolis,PR,1.349.311,"-49.13915704 -24.94446489, -48.49930631 -24.94446489, -48.49930631 -24.63323889, -49.13915704 -24.63323889, -49.13915704 -24.94446489","-49,13915704","-24,94446489","-48,49930631","-24,63323889"
4100301,Agudos do Sul,PR,192.261,"-49.37745279 -26.13887793, -49.23161642 -26.13887793, -49.23161642 -25.94260254, -49.37745279 -25.94260254, -49.37745279 -26.13887793","-49,37745279","-26,13887793","-49,23161642","-25,94260254"
4100400,Almirante Tamandaré,PR,194.228,"-49.45219536 -25.3869504, -49.22949636 -25.3869504, -49.22949636 -25.22433394, -49.45219536 -25.22433394, -49.45219536 -25.3869504","-49,45219536","-25,3869504","-49,22949636","-25,22433394"
4100459,Altamira do Paraná,PR,386.945,"-52.87876892 -24.93201195, -52.53467808 -24.93201195, -52.53467808 -24.71726457, -52.87876892 -24.71726457, -52.87876892 -24.93201195","-52,87876892","-24,93201195","-52,53467808","-24,71726457"
4100509,Altônia,PR,661.560,"-54.16900813 -24.03672051, -53.73884161 -24.03672051, -53.73884161 -23.79131567, -54.16900813 -23.79131567, -54.16900813 -24.03672051","-54,16900813","-24,03672051","-53,73884161","-23,79131567"
4100608,Alto Paraná,PR,407.719,"-52.4209148 -23.23410791, -52.23299009 -23.23410791, -52.23299009 -22.90665864, -52.4209148 -22.90665864, -52.4209148 -23.23410791","-52,4209148","-23,23410791","-52,23299009","-22,90665864"
4100707,Alto Piquiri,PR,447.666,"-53.51913793 -24.25303058, -53.31186905 -24.25303058, -53.31186905 -23.92950524, -53.51913793 -23.92950524, -53.51913793 -24.25303058","-53,51913793","-24,25303058","-53,31186905","-23,92950524"
4100806,Alvorada do Sul,PR,424.250,"-51.3558975 -22.96677238, -51.15459315 -22.96677238, -51.15459315 -22.66620526, -51.3558975 -22.66620526, -51.3558975 -22.96677238","-51,3558975","-22,96677238","-51,15459315","-22,66620526"
4100905,Amaporã,PR,384.735,"-52.9386186 -23.27428561, -52.71518934 -23.27428561, -52.71518934 -23.00378096, -52.9386186 -23.00378096, -52.9386186 -23.27428561","-52,9386186","-23,27428561","-52,71518934","-23,00378096"
4101002,Ampére,PR,298.349,"-53.60695685 -26.02031412, -53.34550902 -26.02031412, -53.34550902 -25.79618321, -53.60695685 -25.79618321, -53.60695685 -26.02031412","-53,60695685","-26,02031412","-53,34550902","-25,79618321"
4101051,Anahy,PR,102.895,"-53.22254263 -24.7123589, -53.08352093 -24.7123589, -53.08352093 -24.56962133, -53.22254263 -24.56962133, -53.22254263 -24.7123589","-53,22254263","-24,7123589","-53,08352093","-24,56962133"
4101101,Andirá,PR,235.944,"-50.3699866 -23.12199269, -50.170095 -23.12199269, -50.170095 -22.93100134, -50.3699866 -22.93100134, -50.3699866 -23.12199269","-50,3699866","-23,12199269","-50,170095","-22,93100134"
4101150,Ângulo,PR,106.021,"-51.97686334 -23.26405692, -51.86480456 -23.26405692, -51.86480456 -23.13034174, -51.97686334 -23.13034174, -51.97686334 -23.26405692","-51,97686334","-23,26405692","-51,86480456","-23,13034174"
4101200,Antonina,PR,891.582,"-48.85298428 -25.50302526, -48.55422829 -25.50302526, -48.55422829 -25.08891364, -48.85298428 -25.08891364, -48.85298428 -25.50302526","-48,85298428","-25,50302526","-48,55422829","-25,08891364"
4101309,Antônio Olinto,PR,469.620,"-50.26977302 -26.07904249, -49.9643119 -26.07904249, -49.9643119 -25.81276567, -50.26977302 -25.81276567, -50.26977302 -26.07904249","-50,26977302","-26,07904249","-49,9643119","-25,81276567"
4101408,Apucarana,PR,556.990,"-51.63270419 -23.73721356, -51.21424584 -23.73721356, -51.21424584 -23.41789925, -51.63270419 -23.41789925, -51.63270419 -23.73721356","-51,63270419","-23,73721356","-51,21424584","-23,41789925"
4101507,Arapongas,PR,382.215,"-51.59548479 -23.5494878, -51.30131841 -23.5494878, -51.30131841 -23.34236049, -51.59548479 -23.34236049, -51.59548479 -23.5494878","-51,59548479","-23,5494878","-51,30131841","-23,34236049"
4101606,Arapoti,PR,1.358.176,"-50.22081698 -24.30135364, -49.73954031 -24.30135364, -49.73954031 -23.84379325, -50.22081698 -23.84379325, -50.22081698 -24.30135364","-50,22081698","-24,30135364","-49,73954031","-23,84379325"
4101655,Arapuã,PR,217.371,"-51.9197129 -24.41953151, -51.72559929 -24.41953151, -51.72559929 -24.23572307, -51.9197129 -24.23572307, -51.9197129 -24.41953151","-51,9197129","-24,41953151","-51,72559929","-24,23572307"
4101705,Araruna,PR,493.191,"-52.75339323 -24.10470185, -52.41785945 -24.10470185, -52.41785945 -23.74711439, -52.75339323 -23.74711439, -52.75339323 -24.10470185","-52,75339323","-24,10470185","-52,41785945","-23,74711439"
4101804,Araucária,PR,469.240,"-49.58658108 -25.78888394, -49.33796327 -25.78888394, -49.33796327 -25.47976518, -49.58658108 -25.47976518, -49.58658108 -25.78888394","-49,58658108","-25,78888394","-49,33796327","-25,47976518"
4101853,Ariranha do Ivaí,PR,234.076,"-51.66273176 -24.44819403, -51.42211045 -24.44819403, -51.42211045 -24.3100616, -51.66273176 -24.3100616, -51.66273176 -24.44819403","-51,66273176","-24,44819403","-51,42211045","-24,3100616"
4101903,Assaí,PR,440.347,"-51.01040176 -23.55493492, -50.75218979 -23.55493492, -50.75218979 -23.28208153, -51.01040176 -23.28208153, -51.01040176 -23.55493492","-51,01040176","-23,55493492","-50,75218979","-23,28208153"
4102000,Assis Chateaubriand,PR,980.727,"-53.7158445 -24.68949418, -53.42984628 -24.68949418, -53.42984628 -24.20093762, -53.7158445 -24.20093762, -53.7158445 -24.68949418","-53,7158445","-24,68949418","-53,42984628","-24,20093762"
4102109,Astorga,PR,434.792,"-51.87113026 -23.38741814, -51.59000659 -23.38741814, -51.59000659 -23.08474076, -51.87113026 -23.08474076, -51.87113026 -23.38741814","-51,87113026","-23,38741814","-51,59000659","-23,08474076"
4102208,Atalaia,PR,137.663,"-52.15362425 -23.19575136, -51.96987284 -23.19575136, -51.96987284 -23.05886307, -52.15362425 -23.05886307, -52.15362425 -23.19575136","-52,15362425","-23,19575136","-51,96987284","-23,05886307"
4102307,Balsa Nova,PR,348.926,"-49.80939902 -25.61990224, -49.56343214 -25.61990224, -49.56343214 -25.35514084, -49.80939902 -25.35514084, -49.80939902 -25.61990224","-49,80939902","-25,61990224","-49,56343214","-25,35514084"
4102406,Bandeirantes,PR,445.192,"-50.47669516 -23.27602841, -50.2091606 -23.27602841, -50.2091606 -23.03115292, -50.47669516 -23.03115292, -50.47669516 -23.27602841","-50,47669516","-23,27602841","-50,2091606","-23,03115292"
4102505,Barbosa Ferraz,PR,538.636,"-52.22758043 -24.23450053, -51.88952799 -24.23450053, -51.88952799 -23.91173517, -52.22758043 -23.91173517, -52.22758043 -24.23450053","-52,22758043","-24,23450053","-51,88952799","-23,91173517"
4102604,Barracão,PR,161.213,"-53.65352116 -26.30304065, -53.43081878 -26.30304065, -53.43081878 -26.19754639, -53.65352116 -26.19754639, -53.65352116 -26.30304065","-53,65352116","-26,30304065","-53,43081878","-26,19754639"
4102703,Barra do Jacaré,PR,115.855,"-50.25433618 -23.14950114, -50.056743 -23.14950114, -50.056743 -23.06730164, -50.25433618 -23.06730164, -50.25433618 -23.14950114","-50,25433618","-23,14950114","-50,056743","-23,06730164"
4102752,Bela Vista da Caroba,PR,148.107,"-53.72329669 -25.95597685, -53.55608454 -25.95597685, -53.55608454 -25.81339622, -53.72329669 -25.81339622, -53.72329669 -25.95597685","-53,72329669","-25,95597685","-53,55608454","-25,81339622"
4102802,Bela Vista do Paraíso,PR,242.689,"-51.34481486 -23.1180633, -51.16934153 -23.1180633, -51.16934153 -22.89875127, -51.34481486 -22.89875127, -51.34481486 -23.1180633","-51,34481486","-23,1180633","-51,16934153","-22,89875127"
4102901,Bituruna,PR,1.234.946,"-51.82122211 -26.38119847, -51.26051615 -26.38119847, -51.26051615 -25.91480507, -51.82122211 -25.91480507, -51.82122211 -26.38119847","-51,82122211","-26,38119847","-51,26051615","-25,91480507"
4103008,Boa Esperança,PR,302.739,"-52.86937688 -24.38543276, -52.62764369 -24.38543276, -52.62764369 -24.13951621, -52.86937688 -24.13951621, -52.86937688 -24.38543276","-52,86937688","-24,38543276","-52,62764369","-24,13951621"
4103024,Boa Esperança do Iguaçu,PR,151.797,"-53.30684427 -25.70595245, -53.15453001 -25.70595245, -53.15453001 -25.5634621, -53.30684427 -25.5634621, -53.30684427 -25.70595245","-53,30684427","-25,70595245","-53,15453001","-25,5634621"
4103040,Boa Ventura de São Roque,PR,620.453,"-51.78048944 -25.01523796, -51.40868281 -25.01523796, -51.40868281 -24.6444071, -51.78048944 -24.6444071, -51.78048944 -25.01523796","-51,78048944","-25,01523796","-51,40868281","-24,6444071"
4103057,Boa Vista da Aparecida,PR,266.175,"-53.52048985 -25.53640593, -53.33020844 -25.53640593, -53.33020844 -25.34203714, -53.52048985 -25.34203714, -53.52048985 -25.53640593","-53,52048985","-25,53640593","-53,33020844","-25,34203714"
4103107,Bocaiúva do Sul,PR,825.665,"-49.22197467 -25.2827514, -48.56286765 -25.2827514, -48.56286765 -24.91492419, -49.22197467 -24.91492419, -49.22197467 -25.2827514","-49,22197467","-25,2827514","-48,56286765","-24,91492419"
4103156,Bom Jesus do Sul,PR,176.129,"-53.67208201 -26.2198553, -53.46027273 -26.2198553, -53.46027273 -26.08922913, -53.67208201 -26.08922913, -53.67208201 -26.2198553","-53,67208201","-26,2198553","-53,46027273","-26,08922913"
4103206,Bom Sucesso,PR,322.755,"-51.96360359 -23.80665275, -51.69376024 -23.80665275, -51.69376024 -23.62634769, -51.96360359 -23.62634769, -51.96360359 -23.80665275","-51,96360359","-23,80665275","-51,69376024","-23,62634769"
4103222,Bom Sucesso do Sul,PR,195.931,"-52.94370331 -26.16738531, -52.7193432 -26.16738531, -52.7193432 -26.00228038, -52.94370331 -26.00228038, -52.94370331 -26.16738531","-52,94370331","-26,16738531","-52,7193432","-26,00228038"
4103305,Borrazópolis,PR,334.378,"-51.74034762 -24.04941413, -51.45733012 -24.04941413, -51.45733012 -23.85540832, -51.74034762 -23.85540832, -51.74034762 -24.04941413","-51,74034762","-24,04941413","-51,45733012","-23,85540832"
4103354,Braganey,PR,343.321,"-53.20278492 -24.94318391, -52.94701318 -24.94318391, -52.94701318 -24.63564856, -53.20278492 -24.63564856, -53.20278492 -24.94318391","-53,20278492","-24,94318391","-52,94701318","-24,63564856"
4103370,Brasilândia do Sul,PR,291.036,"-53.66659353 -24.26096201, -53.43629857 -24.26096201, -53.43629857 -24.05039951, -53.66659353 -24.05039951, -53.66659353 -24.26096201","-53,66659353","-24,26096201","-53,43629857","-24,05039951"
4103404,Cafeara,PR,185.800,"-51.80021365 -22.89091315, -51.63157223 -22.89091315, -51.63157223 -22.70099705, -51.80021365 -22.70099705, -51.80021365 -22.89091315","-51,80021365","-22,89091315","-51,63157223","-22,70099705"
4103453,Cafelândia,PR,274.904,"-53.45913973 -24.80832427, -53.23595135 -24.80832427, -53.23595135 -24.57173849, -53.45913973 -24.57173849, -53.45913973 -24.80832427","-53,45913973","-24,80832427","-53,23595135","-24,57173849"
4103479,Cafezal do Sul,PR,335.392,"-53.68040156 -24.09110002, -53.45779929 -24.09110002, -53.45779929 -23.81959777, -53.68040156 -23.81959777, -53.68040156 -24.09110002","-53,68040156","-24,09110002","-53,45779929","-23,81959777"
4103503,Califórnia,PR,141.817,"-51.43565456 -23.71724774, -51.23831023 -23.71724774, -51.23831023 -23.61583601, -51.43565456 -23.61583601, -51.43565456 -23.71724774","-51,43565456","-23,71724774","-51,23831023","-23,61583601"
4103602,Cambará,PR,366.153,"-50.21030238 -23.09512829, -49.96137778 -23.09512829, -49.96137778 -22.8967392, -50.21030238 -22.8967392, -50.21030238 -23.09512829","-50,21030238","-23,09512829","-49,96137778","-22,8967392"
4103701,Cambé,PR,495.375,"-51.41803944 -23.39909686, -51.17020399 -23.39909686, -51.17020399 -23.01266624, -51.41803944 -23.01266624, -51.41803944 -23.39909686","-51,41803944","-23,39909686","-51,17020399","-23,01266624"
4103800,Cambira,PR,164.786,"-51.63139842 -23.740163, -51.47627111 -23.740163, -51.47627111 -23.48276528, -51.63139842 -23.48276528, -51.63139842 -23.740163","-51,63139842","-23,740163","-51,47627111","-23,48276528"
4103909,Campina da Lagoa,PR,796.614,"-52.98653713 -24.76387355, -52.59546607 -24.76387355, -52.59546607 -24.47295757, -52.98653713 -24.47295757, -52.98653713 -24.76387355","-52,98653713","-24,76387355","-52,59546607","-24,47295757"
4103958,Campina do Simão,PR,448.424,"-51.89510368 -25.23296479, -51.63759627 -25.23296479, -51.63759627 -24.98724148, -51.89510368 -24.98724148, -51.89510368 -25.23296479","-51,89510368","-25,23296479","-51,63759627","-24,98724148"
4104006,Campina Grande do Sul,PR,539.245,"-49.13547553 -25.37062709, -48.54378784 -25.37062709, -48.54378784 -24.99676118, -49.13547553 -24.99676118, -49.13547553 -25.37062709","-49,13547553","-25,37062709","-48,54378784","-24,99676118"
4104055,Campo Bonito,PR,433.832,"-53.10948657 -25.10297794, -52.90224918 -25.10297794, -52.90224918 -24.70212023, -53.10948657 -24.70212023, -53.10948657 -25.10297794","-53,10948657","-25,10297794","-52,90224918","-24,70212023"
4104105,Campo do Tenente,PR,304.488,"-49.79212405 -26.07036865, -49.53349789 -26.07036865, -49.53349789 -25.88955608, -49.79212405 -25.88955608, -49.79212405 -26.07036865","-49,79212405","-26,07036865","-49,53349789","-25,88955608"
4104204,Campo Largo,PR,1.243.551,"-49.85676944 -25.55409476, -49.3718744 -25.55409476, -49.3718744 -24.97860343, -49.85676944 -24.97860343, -49.85676944 -25.55409476","-49,85676944","-25,55409476","-49,3718744","-24,97860343"
4104253,Campo Magro,PR,275.352,"-49.57776173 -25.41918703, -49.33981467 -25.41918703, -49.33981467 -25.17491181, -49.57776173 -25.17491181, -49.57776173 -25.41918703","-49,57776173","-25,41918703","-49,33981467","-25,17491181"
4104303,Campo Mourão,PR,749.637,"-52.54294553 -24.29806075, -52.18718262 -24.29806075, -52.18718262 -23.95425217, -52.54294553 -23.95425217, -52.54294553 -24.29806075","-52,54294553","-24,29806075","-52,18718262","-23,95425217"
4104402,Cândido de Abreu,PR,1.510.160,"-51.50259257 -24.97099942, -50.96294428 -24.97099942, -50.96294428 -24.39369599, -51.50259257 -24.39369599, -51.50259257 -24.97099942","-51,50259257","-24,97099942","-50,96294428","-24,39369599"
4104428,Candói,PR,1.512.786,"-52.41384006 -25.74492899, -51.73715738 -25.74492899, -51.73715738 -25.29943927, -52.41384006 -25.29943927, -52.41384006 -25.74492899","-52,41384006","-25,74492899","-51,73715738","-25,29943927"
4104451,Cantagalo,PR,583.304,"-52.27064002 -25.47969264, -51.99559099 -25.47969264, -51.99559099 -25.13214923, -52.27064002 -25.13214923, -52.27064002 -25.47969264","-52,27064002","-25,47969264","-51,99559099","-25,13214923"
4104501,Capanema,PR,419.036,"-53.99124537 -25.7091857, -53.58426891 -25.7091857, -53.58426891 -25.50445246, -53.99124537 -25.50445246, -53.99124537 -25.7091857","-53,99124537","-25,7091857","-53,58426891","-25,50445246"
4104600,Capitão Leônidas Marques,PR,280.063,"-53.70733198 -25.56517308, -53.46831157 -25.56517308, -53.46831157 -25.34657925, -53.70733198 -25.34657925, -53.70733198 -25.56517308","-53,70733198","-25,56517308","-53,46831157","-25,34657925"
4104659,Carambeí,PR,649.680,"-50.35950291 -25.02454322, -49.93843934 -25.02454322, -49.93843934 -24.7559129, -50.35950291 -24.7559129, -50.35950291 -25.02454322","-50,35950291","-25,02454322","-49,93843934","-24,7559129"
4104709,Carlópolis,PR,451.418,"-49.86997313 -23.56447666, -49.56657201 -23.56447666, -49.56657201 -23.3495324, -49.86997313 -23.3495324, -49.86997313 -23.56447666","-49,86997313","-23,56447666","-49,56657201","-23,3495324"
4104808,Cascavel,PR,2.091.199,"-53.723781 -25.37188732, -53.07208538 -25.37188732, -53.07208538 -24.74307056, -53.723781 -24.74307056, -53.723781 -25.37188732","-53,723781","-25,37188732","-53,07208538","-24,74307056"
4104907,Castro,PR,2.531.503,"-50.24632847 -25.07238243, -49.49877656 -25.07238243, -49.49877656 -24.54109574, -50.24632847 -24.54109574, -50.24632847 -25.07238243","-50,24632847","-25,07238243","-49,49877656","-24,54109574"
4105003,Catanduvas,PR,580.421,"-53.32713912 -25.37441539, -52.9698862 -25.37441539, -52.9698862 -25.09338791, -53.32713912 -25.09338791, -53.32713912 -25.37441539","-53,32713912","-25,37441539","-52,9698862","-25,09338791"
4105102,Centenário do Sul,PR,371.834,"-51.65253036 -22.93101007, -51.47587062 -22.93101007, -51.47587062 -22.65785286, -51.65253036 -22.65785286, -51.65253036 -22.93101007","-51,65253036","-22,93101007","-51,47587062","-22,65785286"
4105201,Cerro Azul,PR,1.341.189,"-49.56741859 -25.09781495, -49.05231056 -25.09781495, -49.05231056 -24.67138323, -49.56741859 -24.67138323, -49.56741859 -25.09781495","-49,56741859","-25,09781495","-49,05231056","-24,67138323"
4105300,Céu Azul,PR,1.179.449,"-53.95402505 -25.60706194, -53.62312895 -25.60706194, -53.62312895 -24.96883375, -53.95402505 -24.96883375, -53.95402505 -25.60706194","-53,95402505","-25,60706194","-53,62312895","-24,96883375"
4105409,Chopinzinho,PR,959.692,"-52.72575376 -25.94503915, -52.21399647 -25.94503915, -52.21399647 -25.64355085, -52.72575376 -25.64355085, -52.72575376 -25.94503915","-52,72575376","-25,94503915","-52,21399647","-25,64355085"
4105508,Cianorte,PR,811.666,"-52.74256143 -23.95340612, -52.45252014 -23.95340612, -52.45252014 -23.52008303, -52.74256143 -23.52008303, -52.74256143 -23.95340612","-52,74256143","-23,95340612","-52,45252014","-23,52008303"
4105607,Cidade Gaúcha,PR,403.045,"-53.0363734 -23.54206285, -52.84560853 -23.54206285, -52.84560853 -23.20624721, -53.0363734 -23.20624721, -53.0363734 -23.54206285","-53,0363734","-23,54206285","-52,84560853","-23,20624721"
4105706,Clevelândia,PR,703.638,"-52.56103737 -26.46704311, -52.14661839 -26.46704311, -52.14661839 -26.150852, -52.56103737 -26.150852, -52.56103737 -26.46704311","-52,56103737","-26,46704311","-52,14661839","-26,150852"
4105805,Colombo,PR,197.580,"-49.26830928 -25.39370403, -49.09217317 -25.39370403, -49.09217317 -25.22558104, -49.26830928 -25.22558104, -49.26830928 -25.39370403","-49,26830928","-25,39370403","-49,09217317","-25,22558104"
4105904,Colorado,PR,407.568,"-52.0899354 -22.95795091, -51.8324026 -22.95795091, -51.8324026 -22.67729636, -52.0899354 -22.67729636, -52.0899354 -22.95795091","-52,0899354","-22,95795091","-51,8324026","-22,67729636"
4106001,Congonhinhas,PR,535.963,"-50.62501521 -23.76614561, -50.38397819 -23.76614561, -50.38397819 -23.4804066, -50.62501521 -23.4804066, -50.62501521 -23.76614561","-50,62501521","-23,76614561","-50,38397819","-23,4804066"
4106100,Conselheiro Mairinck,PR,204.705,"-50.19568579 -23.6835335, -50.03977652 -23.6835335, -50.03977652 -23.48806585, -50.19568579 -23.48806585, -50.19568579 -23.6835335","-50,19568579","-23,6835335","-50,03977652","-23,48806585"
4106209,Contenda,PR,299.037,"-49.61486087 -25.80707212, -49.38504506 -25.80707212, -49.38504506 -25.59061283, -49.61486087 -25.59061283, -49.61486087 -25.80707212","-49,61486087","-25,80707212","-49,38504506","-25,59061283"
4106308,Corbélia,PR,529.137,"-53.40673281 -24.9536076, -53.10713109 -24.9536076, -53.10713109 -24.52040016, -53.40673281 -24.52040016, -53.40673281 -24.9536076","-53,40673281","-24,9536076","-53,10713109","-24,52040016"
4106407,Cornélio Procópio,PR,635.100,"-50.81380029 -23.37532556, -50.46507131 -23.37532556, -50.46507131 -23.01457173, -50.81380029 -23.01457173, -50.81380029 -23.37532556","-50,81380029","-23,37532556","-50,46507131","-23,01457173"
4106456,Coronel Domingos Soares,PR,1.556.186,"-52.19281868 -26.41085183, -51.69526403 -26.41085183, -51.69526403 -25.93621152, -52.19281868 -25.93621152, -52.19281868 -26.41085183","-52,19281868","-26,41085183","-51,69526403","-25,93621152"
4106506,Coronel Vivida,PR,684.417,"-52.82140097 -26.11810681, -52.35768943 -26.11810681, -52.35768943 -25.86942054, -52.82140097 -25.86942054, -52.82140097 -26.11810681","-52,82140097","-26,11810681","-52,35768943","-25,86942054"
4106555,Corumbataí do Sul,PR,164.341,"-52.23191967 -24.2060358, -52.05017119 -24.2060358, -52.05017119 -24.04945235, -52.23191967 -24.04945235, -52.23191967 -24.2060358","-52,23191967","-24,2060358","-52,05017119","-24,04945235"
4106571,Cruzeiro do Iguaçu,PR,161.862,"-53.20140618 -25.68423807, -53.04720691 -25.68423807, -53.04720691 -25.50894455, -53.20140618 -25.50894455, -53.20140618 -25.68423807","-53,20140618","-25,68423807","-53,04720691","-25,50894455"
4106605,Cruzeiro do Oeste,PR,775.984,"-53.22369186 -23.97611781, -52.95212429 -23.97611781, -52.95212429 -23.49313245, -53.22369186 -23.49313245, -53.22369186 -23.97611781","-53,22369186","-23,97611781","-52,95212429","-23,49313245"
4106704,Cruzeiro do Sul,PR,259.103,"-52.28441305 -23.06638583, -52.02368694 -23.06638583, -52.02368694 -22.89695663, -52.28441305 -22.89695663, -52.28441305 -23.06638583","-52,28441305","-23,06638583","-52,02368694","-22,89695663"
4106803,Cruz Machado,PR,1.478.350,"-51.61923094 -26.12433868, -50.93512663 -26.12433868, -50.93512663 -25.66620394, -51.61923094 -25.66620394, -51.61923094 -26.12433868","-51,61923094","-26,12433868","-50,93512663","-25,66620394"
4106852,Cruzmaltina,PR,312.299,"-51.62101901 -24.12095016, -51.37901211 -24.12095016, -51.37901211 -23.88324741, -51.62101901 -23.88324741, -51.62101901 -24.12095016","-51,62101901","-24,12095016","-51,37901211","-23,88324741"
4106902,Curitiba,PR,434.892,"-49.38933864 -25.64538622, -49.18522486 -25.64538622, -49.18522486 -25.34506688, -49.38933864 -25.34506688, -49.38933864 -25.64538622","-49,38933864","-25,64538622","-49,18522486","-25,34506688"
4107009,Curiúva,PR,576.263,"-50.70283345 -24.12259454, -50.28780306 -24.12259454, -50.28780306 -23.85924965, -50.70283345 -23.85924965, -50.70283345 -24.12259454","-50,70283345","-24,12259454","-50,28780306","-23,85924965"
4107108,Diamante do Norte,PR,242.887,"-53.01167299 -22.70936622, -52.77840751 -22.70936622, -52.77840751 -22.56562398, -53.01167299 -22.56562398, -53.01167299 -22.70936622","-53,01167299","-22,70936622","-52,77840751","-22,56562398"
4107124,Diamante do Sul,PR,347.233,"-52.80325582 -25.13276538, -52.58441039 -25.13276538, -52.58441039 -24.85458976, -52.80325582 -24.85458976, -52.80325582 -25.13276538","-52,80325582","-25,13276538","-52,58441039","-24,85458976"
4107157,Diamante D'Oeste,PR,309.110,"-54.2228603 -25.0786812, -53.96553889 -25.0786812, -53.96553889 -24.8593251, -54.2228603 -24.8593251, -54.2228603 -25.0786812","-54,2228603","-25,0786812","-53,96553889","-24,8593251"
4107207,Dois Vizinhos,PR,418.648,"-53.25982167 -25.87759167, -52.95173959 -25.87759167, -52.95173959 -25.6081321, -53.25982167 -25.6081321, -53.25982167 -25.87759167","-53,25982167","-25,87759167","-52,95173959","-25,6081321"
4107256,Douradina,PR,420.604,"-53.38121588 -23.50353553, -53.19536277 -23.50353553, -53.19536277 -23.19826136, -53.38121588 -23.19826136, -53.38121588 -23.50353553","-53,38121588","-23,50353553","-53,19536277","-23,19826136"
4107306,Doutor Camargo,PR,118.279,"-52.30482657 -23.62664293, -52.10025958 -23.62664293, -52.10025958 -23.5114734, -52.30482657 -23.5114734, -52.30482657 -23.62664293","-52,30482657","-23,62664293","-52,10025958","-23,5114734"
4107405,Enéas Marques,PR,192.203,"-53.24301451 -25.98934964, -53.06949552 -25.98934964, -53.06949552 -25.77587814, -53.24301451 -25.77587814, -53.24301451 -25.98934964","-53,24301451","-25,98934964","-53,06949552","-25,77587814"
4107504,Engenheiro Beltrão,PR,467.470,"-52.44448525 -23.88912642, -52.11154089 -23.88912642, -52.11154089 -23.63473129, -52.44448525 -23.63473129, -52.44448525 -23.88912642","-52,44448525","-23,88912642","-52,11154089","-23,63473129"
4107520,Esperança Nova,PR,141.286,"-53.88142336 -23.78568614, -53.72342517 -23.78568614, -53.72342517 -23.66014023, -53.88142336 -23.66014023, -53.88142336 -23.78568614","-53,88142336","-23,78568614","-53,72342517","-23,66014023"
4107538,Entre Rios do Oeste,PR,120.967,"-54.33233355 -24.75625614, -54.0944152 -24.75625614, -54.0944152 -24.65949556, -54.33233355 -24.65949556, -54.33233355 -24.75625614","-54,33233355","-24,75625614","-54,0944152","-24,65949556"
4107546,Espigão Alto do Iguaçu,PR,326.440,"-52.91850566 -25.50354989, -52.66177774 -25.50354989, -52.66177774 -25.26495084, -52.91850566 -25.26495084, -52.91850566 -25.50354989","-52,91850566","-25,50354989","-52,66177774","-25,26495084"
4107553,Farol,PR,289.232,"-52.76667292 -24.22400913, -52.50616091 -24.22400913, -52.50616091 -24.02404667, -52.76667292 -24.02404667, -52.76667292 -24.22400913","-52,76667292","-24,22400913","-52,50616091","-24,02404667"
4107603,Faxinal,PR,715.943,"-51.46098753 -24.15854071, -51.08072117 -24.15854071, -51.08072117 -23.84869349, -51.46098753 -23.84869349, -51.46098753 -24.15854071","-51,46098753","-24,15854071","-51,08072117","-23,84869349"
4107652,Fazenda Rio Grande,PR,116.678,"-49.36550568 -25.75434193, -49.24067573 -25.75434193, -49.24067573 -25.61098292, -49.36550568 -25.61098292, -49.36550568 -25.75434193","-49,36550568","-25,75434193","-49,24067573","-25,61098292"
4107702,Fênix,PR,234.099,"-52.14594247 -23.99616139, -51.9364663 -23.99616139, -51.9364663 -23.78986386, -52.14594247 -23.78986386, -52.14594247 -23.99616139","-52,14594247","-23,99616139","-51,9364663","-23,78986386"
4107736,Fernandes Pinheiro,PR,406.500,"-50.62187039 -25.65615446, -50.35659906 -25.65615446, -50.35659906 -25.30910961, -50.62187039 -25.30910961, -50.62187039 -25.65615446","-50,62187039","-25,65615446","-50,35659906","-25,30910961"
4107751,Figueira,PR,129.769,"-50.48491007 -23.96103702, -50.37712165 -23.96103702, -50.37712165 -23.75352423, -50.48491007 -23.75352423, -50.48491007 -23.96103702","-50,48491007","-23,96103702","-50,37712165","-23,75352423"
4107801,Floraí,PR,191.133,"-52.42124062 -23.41372221, -52.21890058 -23.41372221, -52.21890058 -23.25055508, -52.42124062 -23.25055508, -52.42124062 -23.41372221","-52,42124062","-23,41372221","-52,21890058","-23,25055508"
4107850,Flor da Serra do Sul,PR,255.721,"-53.47580104 -26.3480688, -53.15270997 -26.3480688, -53.15270997 -26.16119633, -53.47580104 -26.16119633, -53.47580104 -26.3480688","-53,47580104","-26,3480688","-53,15270997","-26,16119633"
4107900,Floresta,PR,158.226,"-52.19083326 -23.69088399, -51.99975011 -23.69088399, -51.99975011 -23.51966328, -52.19083326 -23.51966328, -52.19083326 -23.69088399","-52,19083326","-23,69088399","-51,99975011","-23,51966328"
4108007,Florestópolis,PR,246.853,"-51.48754199 -22.99441341, -51.30801582 -22.99441341, -51.30801582 -22.79462021, -51.48754199 -22.79462021, -51.48754199 -22.99441341","-51,48754199","-22,99441341","-51,30801582","-22,79462021"
4108106,Flórida,PR,83.046,"-52.01832337 -23.16197084, -51.91444926 -23.16197084, -51.91444926 -23.04870578, -52.01832337 -23.04870578, -52.01832337 -23.16197084","-52,01832337","-23,16197084","-51,91444926","-23,04870578"
4108205,Formosa do Oeste,PR,275.901,"-53.47059898 -24.4285474, -53.23893176 -24.4285474, -53.23893176 -24.16268708, -53.47059898 -24.16268708, -53.47059898 -24.4285474","-53,47059898","-24,4285474","-53,23893176","-24,16268708"
4108304,Foz do Iguaçu,PR,609.192,"-54.62021333 -25.6971061, -54.29634991 -25.6971061, -54.29634991 -25.21149401, -54.62021333 -25.21149401, -54.62021333 -25.6971061","-54,62021333","-25,6971061","-54,29634991","-25,21149401"
4108320,Francisco Alves,PR,321.898,"-53.99223369 -24.19138709, -53.76568806 -24.19138709, -53.76568806 -24.00668861, -53.99223369 -24.00668861, -53.99223369 -24.19138709","-53,99223369","-24,19138709","-53,76568806","-24,00668861"
4108403,Francisco Beltrão,PR,735.111,"-53.37871723 -26.19741285, -52.88468718 -26.19741285, -52.88468718 -25.93743455, -53.37871723 -25.93743455, -53.37871723 -26.19741285","-53,37871723","-26,19741285","-52,88468718","-25,93743455"
4108452,Foz do Jordão,PR,235.382,"-52.23308769 -25.77648198, -51.96390801 -25.77648198, -51.96390801 -25.60848143, -52.23308769 -25.60848143, -52.23308769 -25.77648198","-52,23308769","-25,77648198","-51,96390801","-25,60848143"
4108502,General Carneiro,PR,1.071.183,"-51.6061695 -26.71712201, -51.21468401 -26.71712201, -51.21468401 -26.24209401, -51.6061695 -26.24209401, -51.6061695 -26.71712201","-51,6061695","-26,71712201","-51,21468401","-26,24209401"
4108551,Godoy Moreira,PR,131.012,"-52.01033105 -24.24093319, -51.81740174 -24.24093319, -51.81740174 -24.06867851, -52.01033105 -24.06867851, -52.01033105 -24.24093319","-52,01033105","-24,24093319","-51,81740174","-24,06867851"
4108601,Goioerê,PR,564.163,"-53.26448264 -24.28297009, -52.85485926 -24.28297009, -52.85485926 -24.06140099, -53.26448264 -24.06140099, -53.26448264 -24.28297009","-53,26448264","-24,28297009","-52,85485926","-24,06140099"
4108650,Goioxim,PR,702.471,"-52.18855284 -25.31721641, -51.86218431 -25.31721641, -51.86218431 -24.95959176, -52.18855284 -24.95959176, -52.18855284 -25.31721641","-52,18855284","-25,31721641","-51,86218431","-24,95959176"
4108700,Grandes Rios,PR,314.198,"-51.58017456 -24.30163039, -51.33281934 -24.30163039, -51.33281934 -24.08304463, -51.58017456 -24.08304463, -51.58017456 -24.30163039","-51,58017456","-24,30163039","-51,33281934","-24,08304463"
4108809,Guaíra,PR,563.742,"-54.3455788 -24.38718331, -54.09845869 -24.38718331, -54.09845869 -23.99899426, -54.3455788 -23.99899426, -54.3455788 -24.38718331","-54,3455788","-24,38718331","-54,09845869","-23,99899426"
4108908,Guairaçá,PR,493.940,"-52.89138722 -23.0586927, -52.59058942 -23.0586927, -52.59058942 -22.78242955, -52.89138722 -22.78242955, -52.89138722 -23.0586927","-52,89138722","-23,0586927","-52,59058942","-22,78242955"
4108957,Guamiranga,PR,244.795,"-50.95001408 -25.27864133, -50.7231512 -25.27864133, -50.7231512 -25.06883621, -50.95001408 -25.06883621, -50.95001408 -25.27864133","-50,95001408","-25,27864133","-50,7231512","-25,06883621"
4109005,Guapirama,PR,189.100,"-50.17852548 -23.5519893, -49.98388763 -23.5519893, -49.98388763 -23.39294605, -50.17852548 -23.39294605, -50.17852548 -23.5519893","-50,17852548","-23,5519893","-49,98388763","-23,39294605"
4109104,Guaporema,PR,201.150,"-52.93906635 -23.40350423, -52.721095 -23.40350423, -52.721095 -23.26251028, -52.93906635 -23.26251028, -52.93906635 -23.40350423","-52,93906635","-23,40350423","-52,721095","-23,26251028"
4109203,Guaraci,PR,211.680,"-51.79465377 -23.03282625, -51.57648182 -23.03282625, -51.57648182 -22.88881276, -51.79465377 -22.88881276, -51.79465377 -23.03282625","-51,79465377","-23,03282625","-51,57648182","-22,88881276"
4109302,Guaraniaçu,PR,1.238.320,"-53.05697751 -25.34254412, -52.65446883 -25.34254412, -52.65446883 -24.75127678, -53.05697751 -24.75127678, -53.05697751 -25.34254412","-53,05697751","-25,34254412","-52,65446883","-24,75127678"
4109401,Guarapuava,PR,3.168.087,"-52.02292624 -25.68222753, -51.08967871 -25.68222753, -51.08967871 -24.96973309, -52.02292624 -24.96973309, -52.02292624 -25.68222753","-52,02292624","-25,68222753","-51,08967871","-24,96973309"
4109500,Guaraqueçaba,PR,2.011.357,"-48.6622191 -25.4932793, -48.02353744 -25.4932793, -48.02353744 -24.97741779, -48.6622191 -24.97741779, -48.6622191 -25.4932793","-48,6622191","-25,4932793","-48,02353744","-24,97741779"
4109609,Guaratuba,PR,1.326.670,"-48.99245253 -25.99328535, -48.54962757 -25.99328535, -48.54962757 -25.59714026, -48.99245253 -25.59714026, -48.99245253 -25.99328535","-48,99245253","-25,99328535","-48,54962757","-25,59714026"
4109658,Honório Serpa,PR,502.235,"-52.57637098 -26.28086219, -52.21024761 -26.28086219, -52.21024761 -26.04032572, -52.57637098 -26.04032572, -52.57637098 -26.28086219","-52,57637098","-26,28086219","-52,21024761","-26,04032572"
4109708,Ibaiti,PR,898.221,"-50.47605406 -23.99745606, -50.11534779 -23.99745606, -50.11534779 -23.58213804, -50.47605406 -23.58213804, -50.47605406 -23.99745606","-50,47605406","-23,99745606","-50,11534779","-23,58213804"
4109757,Ibema,PR,145.446,"-53.10386911 -25.20896908, -52.95001554 -25.20896908, -52.95001554 -25.09710283, -53.10386911 -25.09710283, -53.10386911 -25.20896908","-53,10386911","-25,20896908","-52,95001554","-25,09710283"
4109807,Ibiporã,PR,297.742,"-51.17110266 -23.34652916, -50.94758987 -23.34652916, -50.94758987 -23.10638014, -51.17110266 -23.10638014, -51.17110266 -23.34652916","-51,17110266","-23,34652916","-50,94758987","-23,10638014"
4109906,Icaraíma,PR,675.240,"-53.76224348 -23.53591214, -53.44222309 -23.53591214, -53.44222309 -23.21097854, -53.76224348 -23.21097854, -53.76224348 -23.53591214","-53,76224348","-23,53591214","-53,44222309","-23,21097854"
4110003,Iguaraçu,PR,164.983,"-51.94310991 -23.3048767, -51.73186699 -23.3048767, -51.73186699 -23.13093759, -51.94310991 -23.13093759, -51.94310991 -23.3048767","-51,94310991","-23,3048767","-51,73186699","-23,13093759"
4110052,Iguatu,PR,106.937,"-53.14786507 -24.7541687, -53.03517203 -24.7541687, -53.03517203 -24.60682402, -53.14786507 -24.60682402, -53.14786507 -24.7541687","-53,14786507","-24,7541687","-53,03517203","-24,60682402"
4110078,Imbaú,PR,330.734,"-50.88880386 -24.56607512, -50.60490548 -24.56607512, -50.60490548 -24.31357068, -50.88880386 -24.31357068, -50.88880386 -24.56607512","-50,88880386","-24,56607512","-50,60490548","-24,31357068"
4110102,Imbituva,PR,756.535,"-50.81686518 -25.41096923, -50.44697857 -25.41096923, -50.44697857 -25.03808653, -50.81686518 -25.03808653, -50.81686518 -25.41096923","-50,81686518","-25,41096923","-50,44697857","-25,03808653"
4110201,Inácio Martins,PR,936.208,"-51.40909704 -25.83495474, -50.96010263 -25.83495474, -50.96010263 -25.45336328, -51.40909704 -25.45336328, -51.40909704 -25.83495474","-51,40909704","-25,83495474","-50,96010263","-25,45336328"
4110300,Inajá,PR,194.704,"-52.29230166 -22.82010697, -52.16190667 -22.82010697, -52.16190667 -22.61542639, -52.29230166 -22.61542639, -52.29230166 -22.82010697","-52,29230166","-22,82010697","-52,16190667","-22,61542639"
4110409,Indianópolis,PR,122.622,"-52.74788367 -23.56712576, -52.59534884 -23.56712576, -52.59534884 -23.39721727, -52.74788367 -23.39721727, -52.74788367 -23.56712576","-52,74788367","-23,56712576","-52,59534884","-23,39721727"
4110508,Ipiranga,PR,900.721,"-50.84978572 -25.21659277, -50.37061341 -25.21659277, -50.37061341 -24.79760051, -50.84978572 -24.79760051, -50.84978572 -25.21659277","-50,84978572","-25,21659277","-50,37061341","-24,79760051"
4110607,Iporã,PR,647.894,"-53.96818059 -24.20884226, -53.5551958 -24.20884226, -53.5551958 -23.91103302, -53.96818059 -23.91103302, -53.96818059 -24.20884226","-53,96818059","-24,20884226","-53,5551958","-23,91103302"
4110656,Iracema do Oeste,PR,81.538,"-53.39668439 -24.50039491, -53.30503924 -24.50039491, -53.30503924 -24.36526785, -53.39668439 -24.36526785, -53.39668439 -24.50039491","-53,39668439","-24,50039491","-53,30503924","-24,36526785"
4110706,Irati,PR,999.517,"-51.14636368 -25.62153783, -50.57968428 -25.62153783, -50.57968428 -25.35486415, -51.14636368 -25.35486415, -51.14636368 -25.62153783","-51,14636368","-25,62153783","-50,57968428","-25,35486415"
4110805,Iretama,PR,570.459,"-52.27792885 -24.51417712, -51.94674477 -24.51417712, -51.94674477 -24.20265925, -52.27792885 -24.20265925, -52.27792885 -24.51417712","-52,27792885","-24,51417712","-51,94674477","-24,20265925"
4110904,Itaguajé,PR,194.353,"-52.03340428 -22.80332721, -51.90152852 -22.80332721, -51.90152852 -22.53951289, -52.03340428 -22.53951289, -52.03340428 -22.80332721","-52,03340428","-22,80332721","-51,90152852","-22,53951289"
4110953,Itaipulândia,PR,330.846,"-54.47362293 -25.24825666, -54.1926231 -25.24825666, -54.1926231 -25.02457069, -54.47362293 -25.02457069, -54.47362293 -25.24825666","-54,47362293","-25,24825666","-54,1926231","-25,02457069"
4111001,Itambaracá,PR,207.342,"-50.54180126 -23.06931476, -50.33569088 -23.06931476, -50.33569088 -22.90540557, -50.54180126 -22.90540557, -50.54180126 -23.06931476","-50,54180126","-23,06931476","-50,33569088","-22,90540557"
4111100,Itambé,PR,243.822,"-52.11924299 -23.81814925, -51.9192353 -23.81814925, -51.9192353 -23.61204271, -52.11924299 -23.61204271, -52.11924299 -23.81814925","-52,11924299","-23,81814925","-51,9192353","-23,61204271"
4111209,Itapejara d'Oeste,PR,254.014,"-52.9656928 -26.11094475, -52.72278469 -26.11094475, -52.72278469 -25.85657011, -52.9656928 -25.85657011, -52.9656928 -26.11094475","-52,9656928","-26,11094475","-52,72278469","-25,85657011"
4111258,Itaperuçu,PR,322.991,"-49.60537162 -25.26332392, -49.32110087 -25.26332392, -49.32110087 -24.95941099, -49.60537162 -24.95941099, -49.60537162 -25.26332392","-49,60537162","-25,26332392","-49,32110087","-24,95941099"
4111308,Itaúna do Sul,PR,128.870,"-52.96813361 -22.78242955, -52.815736 -22.78242955, -52.815736 -22.67837417, -52.96813361 -22.67837417, -52.96813361 -22.78242955","-52,96813361","-22,78242955","-52,815736","-22,67837417"
4111407,Ivaí,PR,607.848,"-51.01823547 -25.16137804, -50.69936182 -25.16137804, -50.69936182 -24.83150272, -51.01823547 -24.83150272, -51.01823547 -25.16137804","-51,01823547","-25,16137804","-50,69936182","-24,83150272"
4111506,Ivaiporã,PR,436.989,"-51.77614466 -24.4053698, -51.4597469 -24.4053698, -51.4597469 -24.15716654, -51.77614466 -24.15716654, -51.77614466 -24.4053698","-51,77614466","-24,4053698","-51,4597469","-24,15716654"
4111555,Ivaté,PR,410.156,"-53.55735872 -23.56479331, -53.33036405 -23.56479331, -53.33036405 -23.18699733, -53.55735872 -23.18699733, -53.55735872 -23.56479331","-53,55735872","-23,56479331","-53,33036405","-23,18699733"
4111605,Ivatuba,PR,96.661,"-52.26977368 -23.65568414, -52.09742093 -23.65568414, -52.09742093 -23.51966328, -52.26977368 -23.51966328, -52.26977368 -23.65568414","-52,26977368","-23,65568414","-52,09742093","-23,51966328"
4111704,Jaboti,PR,139.277,"-50.1764039 -23.79154752, -49.99829941 -23.79154752, -49.99829941 -23.64714028, -50.1764039 -23.64714028, -50.1764039 -23.79154752","-50,1764039","-23,79154752","-49,99829941","-23,64714028"
4111803,Jacarezinho,PR,602.528,"-50.1396901 -23.33837381, -49.80897553 -23.33837381, -49.80897553 -22.95449678, -50.1396901 -22.95449678, -50.1396901 -23.33837381","-50,1396901","-23,33837381","-49,80897553","-22,95449678"
4111902,Jaguapitã,PR,475.004,"-51.75306518 -23.21323531, -51.39535748 -23.21323531, -51.39535748 -22.88679554, -51.75306518 -22.88679554, -51.75306518 -23.21323531","-51,75306518","-23,21323531","-51,39535748","-22,88679554"
4112009,Jaguariaíva,PR,1.453.066,"-49.98629241 -24.61421213, -49.45464561 -24.61421213, -49.45464561 -24.0650213, -49.98629241 -24.0650213, -49.98629241 -24.61421213","-49,98629241","-24,61421213","-49,45464561","-24,0650213"
4112108,Jandaia do Sul,PR,187.600,"-51.79923971 -23.70435996, -51.60084427 -23.70435996, -51.60084427 -23.55025319, -51.79923971 -23.55025319, -51.79923971 -23.70435996","-51,79923971","-23,70435996","-51,60084427","-23,55025319"
4112207,Janiópolis,PR,335.650,"-52.88589496 -24.31752837, -52.70077789 -24.31752837, -52.70077789 -23.98882149, -52.88589496 -23.98882149, -52.88589496 -24.31752837","-52,88589496","-24,31752837","-52,70077789","-23,98882149"
4112306,Japira,PR,187.802,"-50.24132472 -23.85733896, -50.0771454 -23.85733896, -50.0771454 -23.56489042, -50.24132472 -23.56489042, -50.24132472 -23.85733896","-50,24132472","-23,85733896","-50,0771454","-23,56489042"
4112405,Japurá,PR,165.185,"-52.6200337 -23.50849722, -52.46452254 -23.50849722, -52.46452254 -23.36565877, -52.6200337 -23.36565877, -52.6200337 -23.50849722","-52,6200337","-23,50849722","-52,46452254","-23,36565877"
4112504,Jardim Alegre,PR,413.386,"-51.95806923 -24.3264161, -51.5384002 -24.3264161, -51.5384002 -24.09452523, -51.95806923 -24.09452523, -51.95806923 -24.3264161","-51,95806923","-24,3264161","-51,5384002","-24,09452523"
4112603,Jardim Olinda,PR,128.515,"-52.15233624 -22.6417894, -52.0037091 -22.6417894, -52.0037091 -22.51629516, -52.15233624 -22.51629516, -52.15233624 -22.6417894","-52,15233624","-22,6417894","-52,0037091","-22,51629516"
4112702,Jataizinho,PR,159.178,"-50.9881639 -23.3505942, -50.84562577 -23.3505942, -50.84562577 -23.14733128, -50.9881639 -23.14733128, -50.9881639 -23.3505942","-50,9881639","-23,3505942","-50,84562577","-23,14733128"
4112751,Jesuítas,PR,247.496,"-53.48126122 -24.54352238, -53.3414385 -24.54352238, -53.3414385 -24.28218071, -53.48126122 -24.28218071, -53.48126122 -24.54352238","-53,48126122","-24,54352238","-53,3414385","-24,28218071"
4112801,Joaquim Távora,PR,289.173,"-50.02753917 -23.57176205, -49.81246132 -23.57176205, -49.81246132 -23.3052834, -50.02753917 -23.3052834, -50.02753917 -23.57176205","-50,02753917","-23,57176205","-49,81246132","-23,3052834"
4112900,Jundiaí do Sul,PR,320.816,"-50.30426472 -23.58833441, -50.1146941 -23.58833441, -50.1146941 -23.35448578, -50.30426472 -23.35448578, -50.30426472 -23.58833441","-50,30426472","-23,58833441","-50,1146941","-23,35448578"
4112959,Juranda,PR,354.364,"-52.97520665 -24.51456433, -52.70153882 -24.51456433, -52.70153882 -24.29759825, -52.97520665 -24.29759825, -52.97520665 -24.51456433","-52,97520665","-24,51456433","-52,70153882","-24,29759825"
4113007,Jussara,PR,210.869,"-52.54797177 -23.77616075, -52.3277589 -23.77616075, -52.3277589 -23.53561529, -52.54797177 -23.53561529, -52.54797177 -23.77616075","-52,54797177","-23,77616075","-52,3277589","-23,53561529"
4113106,Kaloré,PR,193.299,"-51.79589757 -23.94598388, -51.58641051 -23.94598388, -51.58641051 -23.77996244, -51.79589757 -23.77996244, -51.79589757 -23.94598388","-51,79589757","-23,94598388","-51,58641051","-23,77996244"
4113205,Lapa,PR,2.093.859,"-50.23152016 -26.05839211, -49.51876253 -26.05839211, -49.51876253 -25.54409088, -50.23152016 -25.54409088, -50.23152016 -26.05839211","-50,23152016","-26,05839211","-49,51876253","-25,54409088"
4113254,Laranjal,PR,559.439,"-52.66291305 -25.05041125, -52.36977937 -25.05041125, -52.36977937 -24.73411878, -52.66291305 -24.73411878, -52.66291305 -25.05041125","-52,66291305","-25,05041125","-52,36977937","-24,73411878"
4113304,Laranjeiras do Sul,PR,673.688,"-52.56568209 -25.50543855, -52.24594269 -25.50543855, -52.24594269 -25.11439095, -52.56568209 -25.11439095, -52.56568209 -25.50543855","-52,56568209","-25,50543855","-52,24594269","-25,11439095"
4113403,Leópolis,PR,344.918,"-50.84267046 -23.1411212, -50.60908401 -23.1411212, -50.60908401 -22.89547747, -50.84267046 -22.89547747, -50.84267046 -23.1411212","-50,84267046","-23,1411212","-50,60908401","-22,89547747"
4113429,Lidianópolis,PR,151.456,"-51.7122554 -24.15120452, -51.5467318 -24.15120452, -51.5467318 -23.99382839, -51.7122554 -23.99382839, -51.7122554 -24.15120452","-51,7122554","-24,15120452","-51,5467318","-23,99382839"
4113452,Lindoeste,PR,347.093,"-53.66496445 -25.35166487, -53.42148908 -25.35166487, -53.42148908 -25.14372989, -53.66496445 -25.14372989, -53.66496445 -25.35166487","-53,66496445","-25,35166487","-53,42148908","-25,14372989"
4113502,Loanda,PR,722.496,"-53.28470912 -23.10630204, -52.86983328 -23.10630204, -52.86983328 -22.83614291, -53.28470912 -22.83614291, -53.28470912 -23.10630204","-53,28470912","-23,10630204","-52,86983328","-22,83614291"
4113601,Lobato,PR,240.904,"-52.10323438 -23.08117751, -51.89199318 -23.08117751, -51.89199318 -22.87667799, -52.10323438 -22.87667799, -52.10323438 -23.08117751","-52,10323438","-23,08117751","-51,89199318","-22,87667799"
4113700,Londrina,PR,1.652.569,"-51.32156225 -23.7800062, -50.87625032 -23.7800062, -50.87625032 -23.17143421, -51.32156225 -23.17143421, -51.32156225 -23.7800062","-51,32156225","-23,7800062","-50,87625032","-23,17143421"
4113734,Luiziana,PR,916.839,"-52.51929328 -24.53671243, -52.08323548 -24.53671243, -52.08323548 -24.15398181, -52.51929328 -24.15398181, -52.51929328 -24.53671243","-52,51929328","-24,53671243","-52,08323548","-24,15398181"
4113759,Lunardelli,PR,199.213,"-51.89600602 -24.1752658, -51.66980686 -24.1752658, -51.66980686 -23.97640719, -51.89600602 -23.97640719, -51.89600602 -24.1752658","-51,89600602","-24,1752658","-51,66980686","-23,97640719"
4113809,Lupionópolis,PR,121.066,"-51.72617981 -22.83143836, -51.62808146 -22.83143836, -51.62808146 -22.65634108, -51.72617981 -22.65634108, -51.72617981 -22.83143836","-51,72617981","-22,83143836","-51,62808146","-22,65634108"
4113908,Mallet,PR,760.224,"-51.04098292 -26.05719084, -50.65685283 -26.05719084, -50.65685283 -25.68660049, -51.04098292 -25.68660049, -51.04098292 -26.05719084","-51,04098292","-26,05719084","-50,65685283","-25,68660049"
4114005,Mamborê,PR,788.061,"-52.78167317 -24.5290264, -52.42610768 -24.5290264, -52.42610768 -24.17129306, -52.78167317 -24.17129306, -52.78167317 -24.5290264","-52,78167317","-24,5290264","-52,42610768","-24,17129306"
4114104,Mandaguaçu,PR,294.019,"-52.17839512 -23.41790164, -51.95687205 -23.41790164, -51.95687205 -23.15477812, -52.17839512 -23.15477812, -52.17839512 -23.41790164","-52,17839512","-23,41790164","-51,95687205","-23,15477812"
4114203,Mandaguari,PR,335.814,"-51.8369557 -23.64856161, -51.60615844 -23.64856161, -51.60615844 -23.3296391, -51.8369557 -23.3296391, -51.8369557 -23.64856161","-51,8369557","-23,64856161","-51,60615844","-23,3296391"
4114302,Mandirituba,PR,379.179,"-49.45049423 -25.9571608, -49.20523821 -25.9571608, -49.20523821 -25.67349149, -49.45049423 -25.67349149, -49.45049423 -25.9571608","-49,45049423","-25,9571608","-49,20523821","-25,67349149"
4114351,Manfrinópolis,PR,215.779,"-53.49480483 -26.19434324, -53.24179813 -26.19434324, -53.24179813 -26.01590594, -53.49480483 -26.01590594, -53.49480483 -26.19434324","-53,49480483","-26,19434324","-53,24179813","-26,01590594"
4114401,Mangueirinha,PR,1.055.458,"-52.38594038 -26.32605672, -52.07759094 -26.32605672, -52.07759094 -25.7486738, -52.38594038 -25.7486738, -52.38594038 -26.32605672","-52,38594038","-26,32605672","-52,07759094","-25,7486738"
4114500,Manoel Ribas,PR,571.135,"-51.847027 -24.60380416, -51.4504897 -24.60380416, -51.4504897 -24.38716379, -51.847027 -24.38716379, -51.847027 -24.60380416","-51,847027","-24,60380416","-51,4504897","-24,38716379"
4114609,Marechal Cândido Rondon,PR,745.748,"-54.33610508 -24.76675584, -53.98525415 -24.76675584, -53.98525415 -24.41033382, -54.33610508 -24.41033382, -54.33610508 -24.76675584","-54,33610508","-24,76675584","-53,98525415","-24,41033382"
4114708,Maria Helena,PR,486.224,"-53.3517928 -23.72814659, -53.11638782 -23.72814659, -53.11638782 -23.45392314, -53.3517928 -23.45392314, -53.3517928 -23.72814659","-53,3517928","-23,72814659","-53,11638782","-23,45392314"
4114807,Marialva,PR,475.564,"-52.06172569 -23.67750684, -51.70985814 -23.67750684, -51.70985814 -23.31526866, -52.06172569 -23.31526866, -52.06172569 -23.67750684","-52,06172569","-23,67750684","-51,70985814","-23,31526866"
4114906,Marilândia do Sul,PR,384.424,"-51.44205014 -23.89954472, -51.14586939 -23.89954472, -51.14586939 -23.58579358, -51.44205014 -23.58579358, -51.44205014 -23.89954472","-51,44205014","-23,89954472","-51,14586939","-23,58579358"
4115002,Marilena,PR,232.363,"-53.12787953 -22.85516042, -52.99472741 -22.85516042, -52.99472741 -22.61818629, -53.12787953 -22.61818629, -53.12787953 -22.85516042","-53,12787953","-22,85516042","-52,99472741","-22,61818629"
4115101,Mariluz,PR,433.170,"-53.32855933 -24.1984424, -53.1072081 -24.1984424, -53.1072081 -23.91201652, -53.32855933 -23.91201652, -53.32855933 -24.1984424","-53,32855933","-24,1984424","-53,1072081","-23,91201652"
4115200,Maringá,PR,487.012,"-52.10027074 -23.55800178, -51.8358065 -23.55800178, -51.8358065 -23.2538646, -52.10027074 -23.2538646, -52.10027074 -23.55800178","-52,10027074","-23,55800178","-51,8358065","-23,2538646"
4115309,Mariópolis,PR,230.365,"-52.70058518 -26.41606245, -52.49154223 -26.41606245, -52.49154223 -26.23568065, -52.70058518 -26.23568065, -52.70058518 -26.41606245","-52,70058518","-26,41606245","-52,49154223","-26,23568065"
4115358,Maripá,PR,283.793,"-53.91069899 -24.57758743, -53.71485247 -24.57758743, -53.71485247 -24.36953581, -53.91069899 -24.36953581, -53.91069899 -24.57758743","-53,91069899","-24,57758743","-53,71485247","-24,36953581"
4115408,Marmeleiro,PR,387.612,"-53.18996494 -26.39202213, -52.98454314 -26.39202213, -52.98454314 -26.09896603, -53.18996494 -26.09896603, -53.18996494 -26.39202213","-53,18996494","-26,39202213","-52,98454314","-26,09896603"
4115457,Marquinho,PR,503.858,"-52.42083364 -25.25680765, -52.07348374 -25.25680765, -52.07348374 -24.97667354, -52.42083364 -24.97667354, -52.42083364 -25.25680765","-52,42083364","-25,25680765","-52,07348374","-24,97667354"
4115507,Marumbi,PR,208.470,"-51.78482939 -23.84086592, -51.56093157 -23.84086592, -51.56093157 -23.66686009, -51.78482939 -23.66686009, -51.78482939 -23.84086592","-51,78482939","-23,84086592","-51,56093157","-23,66686009"
4115606,Matelândia,PR,639.746,"-54.02131814 -25.59509496, -53.77418907 -25.59509496, -53.77418907 -25.07193777, -54.02131814 -25.07193777, -54.02131814 -25.59509496","-54,02131814","-25,59509496","-53,77418907","-25,07193777"
4115705,Matinhos,PR,117.899,"-48.63826701 -25.85322821, -48.36380688 -25.85322821, -48.36380688 -25.69939704, -48.63826701 -25.69939704, -48.63826701 -25.85322821","-48,63826701","-25,85322821","-48,36380688","-25,69939704"
4115739,Mato Rico,PR,394.533,"-52.39470016 -24.79700041, -52.07620421 -24.79700041, -52.07620421 -24.59591625, -52.39470016 -24.59591625, -52.39470016 -24.79700041","-52,39470016","-24,79700041","-52,07620421","-24,59591625"
4115754,Mauá da Serra,PR,108.324,"-51.27712641 -23.99299813, -51.08036667 -23.99299813, -51.08036667 -23.83953335, -51.27712641 -23.83953335, -51.27712641 -23.99299813","-51,27712641","-23,99299813","-51,08036667","-23,83953335"
4115804,Medianeira,PR,328.732,"-54.20389189 -25.36660414, -53.99227543 -25.36660414, -53.99227543 -25.16558512, -54.20389189 -25.16558512, -54.20389189 -25.36660414","-54,20389189","-25,36660414","-53,99227543","-25,16558512"
4115853,Mercedes,PR,197.136,"-54.29563083 -24.49646139, -54.09017124 -24.49646139, -54.09017124 -24.37119844, -54.29563083 -24.37119844, -54.29563083 -24.49646139","-54,29563083","-24,49646139","-54,09017124","-24,37119844"
4115903,Mirador,PR,221.708,"-52.86298786 -23.2962124, -52.64983283 -23.2962124, -52.64983283 -23.10911432, -52.86298786 -23.10911432, -52.86298786 -23.2962124","-52,86298786","-23,2962124","-52,64983283","-23,10911432"
4116000,Miraselva,PR,90.294,"-51.53331757 -23.06672565, -51.43618018 -23.06672565, -51.43618018 -22.91477906, -51.53331757 -22.91477906, -51.53331757 -23.06672565","-51,53331757","-23,06672565","-51,43618018","-22,91477906"
4116059,Missal,PR,324.397,"-54.41848368 -25.19731537, -54.09962626 -25.19731537, -54.09962626 -25.01773388, -54.41848368 -25.01773388, -54.41848368 -25.19731537","-54,41848368","-25,19731537","-54,09962626","-25,01773388"
4116109,Moreira Sales,PR,353.772,"-53.13158809 -24.11773005, -52.85308677 -24.11773005, -52.85308677 -23.92766747, -53.13158809 -23.92766747, -53.13158809 -24.11773005","-53,13158809","-24,11773005","-52,85308677","-23,92766747"
4116208,Morretes,PR,684.580,"-48.97797322 -25.72649763, -48.68040228 -25.72649763, -48.68040228 -25.29026154, -48.97797322 -25.29026154, -48.97797322 -25.72649763","-48,97797322","-25,72649763","-48,68040228","-25,29026154"
4116307,Munhoz de Melo,PR,137.018,"-51.79793943 -23.22248135, -51.67215335 -23.22248135, -51.67215335 -23.03915857, -51.79793943 -23.03915857, -51.79793943 -23.22248135","-51,79793943","-23,22248135","-51,67215335","-23,03915857"
4116406,Nossa Senhora das Graças,PR,185.769,"-51.8734326 -23.00889611, -51.71462278 -23.00889611, -51.71462278 -22.829869, -51.8734326 -22.829869, -51.8734326 -23.00889611","-51,8734326","-23,00889611","-51,71462278","-22,829869"
4116505,Nova Aliança do Ivaí,PR,131.272,"-52.70144584 -23.23243971, -52.5466918 -23.23243971, -52.5466918 -23.10921426, -52.70144584 -23.10921426, -52.70144584 -23.23243971","-52,70144584","-23,23243971","-52,5466918","-23,10921426"
4116604,Nova América da Colina,PR,129.476,"-50.76742453 -23.42011871, -50.62908873 -23.42011871, -50.62908873 -23.25089987, -50.76742453 -23.25089987, -50.76742453 -23.42011871","-50,76742453","-23,42011871","-50,62908873","-23,25089987"
4116703,Nova Aurora,PR,470.642,"-53.44776449 -24.65245977, -53.15195717 -24.65245977, -53.15195717 -24.32900713, -53.44776449 -24.32900713, -53.44776449 -24.65245977","-53,44776449","-24,65245977","-53,15195717","-24,32900713"
4116802,Nova Cantu,PR,555.488,"-52.7121917 -24.78428302, -52.41463862 -24.78428302, -52.41463862 -24.47847315, -52.7121917 -24.47847315, -52.7121917 -24.78428302","-52,7121917","-24,78428302","-52,41463862","-24,47847315"
4116901,Nova Esperança,PR,401.587,"-52.4207601 -23.30011246, -52.09866972 -23.30011246, -52.09866972 -23.02634474, -52.4207601 -23.02634474, -52.4207601 -23.30011246","-52,4207601","-23,30011246","-52,09866972","-23,02634474"
4116950,Nova Esperança do Sudoeste,PR,208.472,"-53.36379445 -25.99837595, -53.16681609 -25.99837595, -53.16681609 -25.78120096, -53.36379445 -25.78120096, -53.36379445 -25.99837595","-53,36379445","-25,99837595","-53,16681609","-25,78120096"
4117008,Nova Fátima,PR,283.423,"-50.66476299 -23.49417026, -50.41180863 -23.49417026, -50.41180863 -23.32562527, -50.66476299 -23.32562527, -50.66476299 -23.49417026","-50,66476299","-23,49417026","-50,41180863","-23,32562527"
4117057,Nova Laranjeiras,PR,1.210.205,"-52.84341355 -25.48897261, -52.39124508 -25.48897261, -52.39124508 -24.96323174, -52.84341355 -24.96323174, -52.84341355 -25.48897261","-52,84341355","-25,48897261","-52,39124508","-24,96323174"
4117107,Nova Londrina,PR,269.389,"-53.03887478 -22.90303516, -52.84929012 -22.90303516, -52.84929012 -22.59879496, -53.03887478 -22.59879496, -53.03887478 -22.90303516","-53,03887478","-22,90303516","-52,84929012","-22,59879496"
4117206,Nova Olímpia,PR,136.347,"-53.1194621 -23.50339133, -53.02334893 -23.50339133, -53.02334893 -23.34305799, -53.1194621 -23.34305799, -53.1194621 -23.50339133","-53,1194621","-23,50339133","-53,02334893","-23,34305799"
4117214,Nova Santa Bárbara,PR,76.887,"-50.8577317 -23.62579071, -50.65575319 -23.62579071, -50.65575319 -23.55664097, -50.8577317 -23.55664097, -50.8577317 -23.62579071","-50,8577317","-23,62579071","-50,65575319","-23,55664097"
4117222,Nova Santa Rosa,PR,204.665,"-54.12395743 -24.52752788, -53.85416733 -24.52752788, -53.85416733 -24.36982468, -54.12395743 -24.36982468, -54.12395743 -24.52752788","-54,12395743","-24,52752788","-53,85416733","-24,36982468"
4117255,Nova Prata do Iguaçu,PR,352.565,"-53.5053765 -25.69666599, -53.25429025 -25.69666599, -53.25429025 -25.4765378, -53.5053765 -25.4765378, -53.5053765 -25.69666599","-53,5053765","-25,69666599","-53,25429025","-25,4765378"
4117271,Nova Tebas,PR,545.686,"-52.05200551 -24.62004841, -51.82450261 -24.62004841, -51.82450261 -24.24426334, -52.05200551 -24.24426334, -52.05200551 -24.62004841","-52,05200551","-24,62004841","-51,82450261","-24,24426334"
4117297,Novo Itacolomi,PR,161.411,"-51.59698072 -23.87278815, -51.47168089 -23.87278815, -51.47168089 -23.69067556, -51.59698072 -23.69067556, -51.59698072 -23.87278815","-51,59698072","-23,87278815","-51,47168089","-23,69067556"
4117305,Ortigueira,PR,2.429.520,"-51.37445721 -24.4138058, -50.67697274 -24.4138058, -50.67697274 -23.79556084, -51.37445721 -23.79556084, -51.37445721 -24.4138058","-51,37445721","-24,4138058","-50,67697274","-23,79556084"
4117404,Ourizona,PR,176.457,"-52.32466588 -23.57334573, -52.14406089 -23.57334573, -52.14406089 -23.34935424, -52.32466588 -23.34935424, -52.32466588 -23.57334573","-52,32466588","-23,57334573","-52,14406089","-23,34935424"
4117453,Ouro Verde do Oeste,PR,293.042,"-54.06324739 -24.88464384, -53.78341299 -24.88464384, -53.78341299 -24.7124592, -54.06324739 -24.7124592, -54.06324739 -24.88464384","-54,06324739","-24,88464384","-53,78341299","-24,7124592"
4117503,Paiçandu,PR,171.379,"-52.2274676 -23.52296433, -52.00647084 -23.52296433, -52.00647084 -23.40033804, -52.2274676 -23.40033804, -52.2274676 -23.52296433","-52,2274676","-23,52296433","-52,00647084","-23,40033804"
4117602,Palmas,PR,1.557.903,"-52.17769456 -26.5993625, -51.51208148 -26.5993625, -51.51208148 -26.2439241, -52.17769456 -26.2439241, -52.17769456 -26.5993625","-52,17769456","-26,5993625","-51,51208148","-26,2439241"
4117701,Palmeira,PR,1.470.072,"-50.35845119 -25.65196417, -49.74039265 -25.65196417, -49.74039265 -25.25137741, -50.35845119 -25.25137741, -50.35845119 -25.65196417","-50,35845119","-25,65196417","-49,74039265","-25,25137741"
4117800,Palmital,PR,817.647,"-52.45406869 -25.07529301, -52.03989741 -25.07529301, -52.03989741 -24.70319179, -52.45406869 -24.70319179, -52.45406869 -25.07529301","-52,45406869","-25,07529301","-52,03989741","-24,70319179"
4117909,Palotina,PR,651.238,"-53.9665747 -24.46748189, -53.66330644 -24.46748189, -53.66330644 -24.11978144, -53.9665747 -24.11978144, -53.9665747 -24.46748189","-53,9665747","-24,46748189","-53,66330644","-24,11978144"
4118006,Paraíso do Norte,PR,204.564,"-52.76370446 -23.33215863, -52.54688173 -23.33215863, -52.54688173 -23.17928314, -52.76370446 -23.17928314, -52.76370446 -23.33215863","-52,76370446","-23,33215863","-52,54688173","-23,17928314"
4118105,Paranacity,PR,348.631,"-52.25682084 -22.95422531, -52.05268179 -22.95422531, -52.05268179 -22.7117505, -52.25682084 -22.7117505, -52.25682084 -22.95422531","-52,25682084","-22,95422531","-52,05268179","-22,7117505"
4118204,Paranaguá,PR,822.838,"-48.70411481 -25.73412258, -48.27691118 -25.73412258, -48.27691118 -25.37496634, -48.70411481 -25.37496634, -48.70411481 -25.73412258","-48,70411481","-25,73412258","-48,27691118","-25,37496634"
4118303,Paranapoema,PR,175.875,"-52.1854937 -22.73030062, -51.9969045 -22.73030062, -51.9969045 -22.56923343, -52.1854937 -22.56923343, -52.1854937 -22.73030062","-52,1854937","-22,73030062","-51,9969045","-22,56923343"
4118402,Paranavaí,PR,1.202.266,"-52.74996617 -23.14106, -52.3472954 -23.14106, -52.3472954 -22.60684867, -52.74996617 -22.60684867, -52.74996617 -23.14106","-52,74996617","-23,14106","-52,3472954","-22,60684867"
4118451,Pato Bragado,PR,135.600,"-54.3268817 -24.69761724, -54.16959657 -24.69761724, -54.16959657 -24.5806266, -54.3268817 -24.5806266, -54.3268817 -24.69761724","-54,3268817","-24,69761724","-54,16959657","-24,5806266"
4118501,Pato Branco,PR,539.087,"-52.81311639 -26.30807064, -52.53045365 -26.30807064, -52.53045365 -25.99629231, -52.81311639 -25.99629231, -52.81311639 -26.30807064","-52,81311639","-26,30807064","-52,53045365","-25,99629231"
4118600,Paula Freitas,PR,421.409,"-50.99337552 -26.2893321, -50.6975152 -26.2893321, -50.6975152 -26.05719084, -50.99337552 -26.05719084, -50.99337552 -26.2893321","-50,99337552","-26,2893321","-50,6975152","-26,05719084"
4118709,Paulo Frontin,PR,363.351,"-50.90073102 -26.18179959, -50.62079045 -26.18179959, -50.62079045 -25.96750441, -50.90073102 -25.96750441, -50.90073102 -26.18179959","-50,90073102","-26,18179959","-50,62079045","-25,96750441"
4118808,Peabiru,PR,468.594,"-52.50922437 -24.05318487, -52.11494837 -24.05318487, -52.11494837 -23.80702943, -52.50922437 -23.80702943, -52.50922437 -24.05318487","-52,50922437","-24,05318487","-52,11494837","-23,80702943"
4118857,Perobal,PR,409.050,"-53.53152589 -24.09159917, -53.23233718 -24.09159917, -53.23233718 -23.82312632, -53.53152589 -23.82312632, -53.53152589 -24.09159917","-53,53152589","-24,09159917","-53,23233718","-23,82312632"
4118907,Pérola,PR,236.186,"-53.7899172 -23.95223752, -53.61849534 -23.95223752, -53.61849534 -23.70971217, -53.7899172 -23.70971217, -53.7899172 -23.95223752","-53,7899172","-23,95223752","-53,61849534","-23,70971217"
4119004,Pérola d'Oeste,PR,205.279,"-53.84996911 -25.92733525, -53.59651943 -25.92733525, -53.59651943 -25.76329229, -53.84996911 -25.76329229, -53.84996911 -25.92733525","-53,84996911","-25,92733525","-53,59651943","-25,76329229"
4119103,Piên,PR,254.792,"-49.55171521 -26.18666928, -49.34732808 -26.18666928, -49.34732808 -25.94802445, -49.55171521 -25.94802445, -49.55171521 -26.18666928","-49,55171521","-26,18666928","-49,34732808","-25,94802445"
4119152,Pinhais,PR,60.869,"-49.20348171 -25.47193599, -49.10390789 -25.47193599, -49.10390789 -25.3784417, -49.20348171 -25.3784417, -49.20348171 -25.47193599","-49,20348171","-25,47193599","-49,10390789","-25,3784417"
4119202,Pinhalão,PR,220.625,"-50.16387827 -23.9920957, -49.96368901 -23.9920957, -49.96368901 -23.73809622, -50.16387827 -23.73809622, -50.16387827 -23.9920957","-50,16387827","-23,9920957","-49,96368901","-23,73809622"
4119251,Pinhal de São Bento,PR,97.463,"-53.57378484 -26.06535082, -53.36498578 -26.06535082, -53.36498578 -25.96000398, -53.57378484 -25.96000398, -53.57378484 -26.06535082","-53,57378484","-26,06535082","-53,36498578","-25,96000398"
4119301,Pinhão,PR,2.001.588,"-52.02938673 -26.01165675, -51.30107217 -26.01165675, -51.30107217 -25.58880678, -52.02938673 -25.58880678, -52.02938673 -26.01165675","-52,02938673","-26,01165675","-51,30107217","-25,58880678"
4119400,Piraí do Sul,PR,1.345.417,"-50.20997258 -24.64677982, -49.57359568 -24.64677982, -49.57359568 -24.23941061, -50.20997258 -24.23941061, -50.20997258 -24.64677982","-50,20997258","-24,64677982","-49,57359568","-24,23941061"
4119509,Piraquara,PR,227.042,"-49.17557668 -25.55071389, -48.94098142 -25.55071389, -48.94098142 -25.3864251, -49.17557668 -25.3864251, -49.17557668 -25.55071389","-49,17557668","-25,55071389","-48,94098142","-25,3864251"
4119608,Pitanga,PR,1.663.747,"-52.11997259 -24.90113292, -51.4503521 -24.90113292, -51.4503521 -24.4492663, -52.11997259 -24.4492663, -52.11997259 -24.90113292","-52,11997259","-24,90113292","-51,4503521","-24,4492663"
4119657,Pitangueiras,PR,123.229,"-51.62279076 -23.28876671, -51.51959869 -23.28876671, -51.51959869 -23.12833051, -51.62279076 -23.12833051, -51.62279076 -23.28876671","-51,62279076","-23,28876671","-51,51959869","-23,12833051"
4119707,Planaltina do Paraná,PR,356.192,"-53.03582039 -23.24159139, -52.78791878 -23.24159139, -52.78791878 -22.94081896, -53.03582039 -22.94081896, -53.03582039 -23.24159139","-53,03582039","-23,24159139","-52,78791878","-22,94081896"
4119806,Planalto,PR,346.241,"-53.87949278 -25.82283844, -53.56643604 -25.82283844, -53.56643604 -25.64170552, -53.87949278 -25.64170552, -53.87949278 -25.82283844","-53,87949278","-25,82283844","-53,56643604","-25,64170552"
4119905,Ponta Grossa,PR,2.054.732,"-50.45869655 -25.38735252, -49.67969061 -25.38735252, -49.67969061 -24.89090495, -50.45869655 -24.89090495, -50.45869655 -25.38735252","-50,45869655","-25,38735252","-49,67969061","-24,89090495"
4119954,Pontal do Paraná,PR,200.410,"-48.59001952 -25.75076061, -48.34839332 -25.75076061, -48.34839332 -25.54471045, -48.59001952 -25.54471045, -48.59001952 -25.75076061","-48,59001952","-25,75076061","-48,34839332","-25,54471045"
4120002,Porecatu,PR,291.663,"-51.51909305 -22.83700874, -51.30742262 -22.83700874, -51.30742262 -22.65208421, -51.51909305 -22.65208421, -51.51909305 -22.83700874","-51,51909305","-22,83700874","-51,30742262","-22,65208421"
4120101,Porto Amazonas,PR,186.581,"-49.99252577 -25.61125936, -49.76659631 -25.61125936, -49.76659631 -25.44347488, -49.99252577 -25.44347488, -49.99252577 -25.61125936","-49,99252577","-25,61125936","-49,76659631","-25,44347488"
4120150,Porto Barreiro,PR,361.020,"-52.53064677 -25.70129618, -52.25566182 -25.70129618, -52.25566182 -25.4812372, -52.53064677 -25.4812372, -52.53064677 -25.70129618","-52,53064677","-25,70129618","-52,25566182","-25,4812372"
4120200,Porto Rico,PR,217.676,"-53.41040659 -22.93517918, -53.23862798 -22.93517918, -53.23862798 -22.73347085, -53.41040659 -22.73347085, -53.41040659 -22.93517918","-53,41040659","-22,93517918","-53,23862798","-22,73347085"
4120309,Porto Vitória,PR,213.013,"-51.29438044 -26.35150524, -51.12386 -26.35150524, -51.12386 -26.13031396, -51.29438044 -26.13031396, -51.29438044 -26.35150524","-51,29438044","-26,35150524","-51,12386","-26,13031396"
4120333,Prado Ferreira,PR,152.876,"-51.49207876 -23.09364674, -51.31167047 -23.09364674, -51.31167047 -22.96130165, -51.49207876 -22.96130165, -51.49207876 -23.09364674","-51,49207876","-23,09364674","-51,31167047","-22,96130165"
4120358,Pranchita,PR,226.140,"-53.84285236 -26.04507663, -53.54562669 -26.04507663, -53.54562669 -25.90160413, -53.84285236 -25.90160413, -53.84285236 -26.04507663","-53,84285236","-26,04507663","-53,54562669","-25,90160413"
4120408,Presidente Castelo Branco,PR,155.734,"-52.24402977 -23.34997974, -52.05873768 -23.34997974, -52.05873768 -23.17778096, -52.24402977 -23.17778096, -52.24402977 -23.34997974","-52,24402977","-23,34997974","-52,05873768","-23,17778096"
4120507,Primeiro de Maio,PR,414.442,"-51.18407695 -22.97676904, -50.93088382 -22.97676904, -50.93088382 -22.73880642, -51.18407695 -22.73880642, -51.18407695 -22.97676904","-51,18407695","-22,97676904","-50,93088382","-22,73880642"
4120606,Prudentópolis,PR,2.247.141,"-51.41060042 -25.51753197, -50.78175686 -25.51753197, -50.78175686 -24.75294358, -51.41060042 -24.75294358, -51.41060042 -25.51753197","-51,41060042","-25,51753197","-50,78175686","-24,75294358"
4120655,Quarto Centenário,PR,321.875,"-53.28973781 -24.40744083, -53.00847374 -24.40744083, -53.00847374 -24.22431567, -53.28973781 -24.22431567, -53.28973781 -24.40744083","-53,28973781","-24,40744083","-53,00847374","-24,22431567"
4120705,Quatiguá,PR,112.689,"-50.03916281 -23.60880849, -49.84520117 -23.60880849, -49.84520117 -23.50514845, -50.03916281 -23.50514845, -50.03916281 -23.60880849","-50,03916281","-23,60880849","-49,84520117","-23,50514845"
4120804,Quatro Barras,PR,180.471,"-49.12385433 -25.44474674, -48.89899251 -25.44474674, -48.89899251 -25.30280419, -49.12385433 -25.30280419, -49.12385433 -25.44474674","-49,12385433","-25,44474674","-48,89899251","-25,30280419"
4120853,Quatro Pontes,PR,114.393,"-54.02675862 -24.66444064, -53.9175955 -24.66444064, -53.9175955 -24.48261632, -54.02675862 -24.48261632, -54.02675862 -24.66444064","-54,02675862","-24,66444064","-53,9175955","-24,48261632"
4120903,Quedas do Iguaçu,PR,821.503,"-53.15257242 -25.61400264, -52.76507408 -25.61400264, -52.76507408 -25.27847321, -53.15257242 -25.27847321, -53.15257242 -25.61400264","-53,15257242","-25,61400264","-52,76507408","-25,27847321"
4121000,Querência do Norte,PR,914.763,"-53.71490766 -23.30595471, -53.31653098 -23.30595471, -53.31653098 -22.81386965, -53.71490766 -22.81386965, -53.71490766 -23.30595471","-53,71490766","-23,30595471","-53,31653098","-22,81386965"
4121109,Quinta do Sol,PR,326.177,"-52.26812813 -23.94635516, -52.0338537 -23.94635516, -52.0338537 -23.70552284, -52.26812813 -23.70552284, -52.26812813 -23.94635516","-52,26812813","-23,94635516","-52,0338537","-23,70552284"
4121208,Quitandinha,PR,447.024,"-49.68063807 -26.06025715, -49.36071798 -26.06025715, -49.36071798 -25.78357072, -49.68063807 -25.78357072, -49.68063807 -26.06025715","-49,68063807","-26,06025715","-49,36071798","-25,78357072"
4121257,Ramilândia,PR,237.196,"-54.19436583 -25.17652048, -53.97781915 -25.17652048, -53.97781915 -25.02244605, -54.19436583 -25.02244605, -54.19436583 -25.17652048","-54,19436583","-25,17652048","-53,97781915","-25,02244605"
4121307,Rancho Alegre,PR,167.646,"-50.99340725 -23.14909901, -50.84115856 -23.14909901, -50.84115856 -22.97875346, -50.99340725 -22.97875346, -50.99340725 -23.14909901","-50,99340725","-23,14909901","-50,84115856","-22,97875346"
4121356,Rancho Alegre D'Oeste,PR,241.386,"-53.07833799 -24.40596835, -52.86258299 -24.40596835, -52.86258299 -24.13509356, -53.07833799 -24.13509356, -53.07833799 -24.40596835","-53,07833799","-24,40596835","-52,86258299","-24,13509356"
4121406,Realeza,PR,353.416,"-53.63896258 -25.83222685, -53.46343561 -25.83222685, -53.46343561 -25.50653225, -53.63896258 -25.50653225, -53.63896258 -25.83222685","-53,63896258","-25,83222685","-53,46343561","-25,50653225"
4121505,Rebouças,PR,481.840,"-50.7889687 -25.7880376, -50.45559803 -25.7880376, -50.45559803 -25.54946548, -50.7889687 -25.54946548, -50.7889687 -25.7880376","-50,7889687","-25,7880376","-50,45559803","-25,54946548"
4121604,Renascença,PR,425.273,"-53.06818006 -26.37016846, -52.81192025 -26.37016846, -52.81192025 -26.07088146, -53.06818006 -26.07088146, -53.06818006 -26.37016846","-53,06818006","-26,37016846","-52,81192025","-26,07088146"
4121703,Reserva,PR,1.635.535,"-51.19326509 -24.86405801, -50.71991898 -24.86405801, -50.71991898 -24.32338696, -51.19326509 -24.32338696, -51.19326509 -24.86405801","-51,19326509","-24,86405801","-50,71991898","-24,32338696"
4121752,Reserva do Iguaçu,PR,834.232,"-52.16858335 -26.02674654, -51.79545532 -26.02674654, -51.79545532 -25.71987056, -52.16858335 -25.71987056, -52.16858335 -26.02674654","-52,16858335","-26,02674654","-51,79545532","-25,71987056"
4121802,Ribeirão Claro,PR,629.224,"-49.89302055 -23.4421545, -49.62159517 -23.4421545, -49.62159517 -23.08920638, -49.89302055 -23.08920638, -49.89302055 -23.4421545","-49,89302055","-23,4421545","-49,62159517","-23,08920638"
4121901,Ribeirão do Pinhal,PR,374.732,"-50.50706174 -23.59791971, -50.29811831 -23.59791971, -50.29811831 -23.24870366, -50.50706174 -23.24870366, -50.50706174 -23.59791971","-50,50706174","-23,59791971","-50,29811831","-23,24870366"
4122008,Rio Azul,PR,599.056,"-51.00705732 -25.87723335, -50.59889103 -25.87723335, -50.59889103 -25.58479847, -51.00705732 -25.58479847, -51.00705732 -25.87723335","-51,00705732","-25,87723335","-50,59889103","-25,58479847"
4122107,Rio Bom,PR,177.836,"-51.51421198 -23.88342758, -51.34829116 -23.88342758, -51.34829116 -23.70881606, -51.51421198 -23.70881606, -51.51421198 -23.88342758","-51,51421198","-23,88342758","-51,34829116","-23,70881606"
4122156,Rio Bonito do Iguaçu,PR,681.406,"-52.78827518 -25.69886746, -52.41137475 -25.69886746, -52.41137475 -25.41839417, -52.78827518 -25.41839417, -52.78827518 -25.69886746","-52,78827518","-25,69886746","-52,41137475","-25,41839417"
4122172,Rio Branco do Ivaí,PR,376.109,"-51.48893611 -24.43903717, -51.16909609 -24.43903717, -51.16909609 -24.24889085, -51.48893611 -24.24889085, -51.48893611 -24.43903717","-51,48893611","-24,43903717","-51,16909609","-24,24889085"
4122206,Rio Branco do Sul,PR,811.425,"-49.5800744 -25.23432735, -49.06352574 -25.23432735, -49.06352574 -24.87641614, -49.5800744 -24.87641614, -49.5800744 -25.23432735","-49,5800744","-25,23432735","-49,06352574","-24,87641614"
4122305,Rio Negro,PR,604.138,"-49.94061444 -26.23735304, -49.4859805 -26.23735304, -49.4859805 -25.94296243, -49.94061444 -25.94296243, -49.94061444 -26.23735304","-49,94061444","-26,23735304","-49,4859805","-25,94296243"
4122404,Rolândia,PR,459.024,"-51.54111998 -23.39504823, -51.29001039 -23.39504823, -51.29001039 -23.16717836, -51.54111998 -23.16717836, -51.54111998 -23.39504823","-51,54111998","-23,39504823","-51,29001039","-23,16717836"
4122503,Roncador,PR,742.121,"-52.51752904 -24.72980372, -52.01354664 -24.72980372, -52.01354664 -24.41414038, -52.51752904 -24.41414038, -52.51752904 -24.72980372","-52,51752904","-24,72980372","-52,01354664","-24,41414038"
4122602,Rondon,PR,555.125,"-52.98557377 -23.61963547, -52.6379834 -23.61963547, -52.6379834 -23.31100197, -52.98557377 -23.31100197, -52.98557377 -23.61963547","-52,98557377","-23,61963547","-52,6379834","-23,31100197"
4122651,Rosário do Ivaí,PR,377.470,"-51.35001449 -24.4681073, -51.07792765 -24.4681073, -51.07792765 -24.15889773, -51.35001449 -24.15889773, -51.35001449 -24.4681073","-51,35001449","-24,4681073","-51,07792765","-24,15889773"
4122701,Sabáudia,PR,190.329,"-51.69020617 -23.43428062, -51.50040712 -23.43428062, -51.50040712 -23.26288151, -51.69020617 -23.26288151, -51.69020617 -23.43428062","-51,69020617","-23,43428062","-51,50040712","-23,26288151"
4122800,Salgado Filho,PR,181.015,"-53.54586412 -26.21346229, -53.29848222 -26.21346229, -53.29848222 -26.05276797, -53.54586412 -26.05276797, -53.54586412 -26.21346229","-53,54586412","-26,21346229","-53,29848222","-26,05276797"
4122909,Salto do Itararé,PR,200.520,"-49.83094918 -23.71835981, -49.59874379 -23.71835981, -49.59874379 -23.5233026, -49.83094918 -23.5233026, -49.83094918 -23.71835981","-49,83094918","-23,71835981","-49,59874379","-23,5233026"
4123006,Salto do Lontra,PR,312.717,"-53.39359924 -25.88109564, -53.13877178 -25.88109564, -53.13877178 -25.66778663, -53.39359924 -25.66778663, -53.39359924 -25.88109564","-53,39359924","-25,88109564","-53,13877178","-25,66778663"
4123105,Santa Amélia,PR,78.045,"-50.47677245 -23.29985252, -50.30416303 -23.29985252, -50.30416303 -23.2084396, -50.47677245 -23.2084396, -50.47677245 -23.29985252","-50,47677245","-23,29985252","-50,30416303","-23,2084396"
4123204,Santa Cecília do Pavão,PR,105.076,"-50.88433729 -23.58557019, -50.69734795 -23.58557019, -50.69734795 -23.48658461, -50.88433729 -23.48658461, -50.88433729 -23.58557019","-50,88433729","-23,58557019","-50,69734795","-23,48658461"
4123303,Santa Cruz de Monte Castelo,PR,442.013,"-53.51571003 -23.25102272, -53.22932122 -23.25102272, -53.22932122 -22.91248926, -53.51571003 -22.91248926, -53.51571003 -23.25102272","-53,51571003","-23,25102272","-53,22932122","-22,91248926"
4123402,Santa Fé,PR,276.241,"-51.91503334 -23.174394, -51.749377 -23.174394, -51.749377 -22.9453617, -51.91503334 -22.9453617, -51.91503334 -23.174394","-51,91503334","-23,174394","-51,749377","-22,9453617"
4123501,Santa Helena,PR,754.701,"-54.45724905 -25.04151506, -54.14507667 -25.04151506, -54.14507667 -24.6945264, -54.45724905 -24.6945264, -54.45724905 -25.04151506","-54,45724905","-25,04151506","-54,14507667","-24,6945264"
4123600,Santa Inês,PR,156.935,"-51.95900826 -22.83617832, -51.85582719 -22.83617832, -51.85582719 -22.60192445, -51.95900826 -22.60192445, -51.95900826 -22.83617832","-51,95900826","-22,83617832","-51,85582719","-22,60192445"
4123709,Santa Isabel do Ivaí,PR,349.497,"-53.35025147 -23.24686354, -53.12979781 -23.24686354, -53.12979781 -22.97312029, -53.35025147 -22.97312029, -53.35025147 -23.24686354","-53,35025147","-23,24686354","-53,12979781","-22,97312029"
4123808,Santa Izabel do Oeste,PR,321.182,"-53.51092361 -25.92765426, -53.32580849 -25.92765426, -53.32580849 -25.62820092, -53.51092361 -25.62820092, -53.51092361 -25.92765426","-53,51092361","-25,92765426","-53,32580849","-25,62820092"
4123824,Santa Lúcia,PR,126.813,"-53.62692353 -25.44260316, -53.47459675 -25.44260316, -53.47459675 -25.33298778, -53.62692353 -25.33298778, -53.62692353 -25.44260316","-53,62692353","-25,44260316","-53,47459675","-25,33298778"
4123857,Santa Maria do Oeste,PR,836.669,"-52.15225645 -25.05326702, -51.65906342 -25.05326702, -51.65906342 -24.75285752, -52.15225645 -24.75285752, -52.15225645 -25.05326702","-52,15225645","-25,05326702","-51,65906342","-24,75285752"
4123907,Santa Mariana,PR,427.193,"-50.6372967 -23.2082885, -50.43696694 -23.2082885, -50.43696694 -22.90394449, -50.6372967 -22.90394449, -50.6372967 -23.2082885","-50,6372967","-23,2082885","-50,43696694","-22,90394449"
4123956,Santa Mônica,PR,259.957,"-53.20880135 -23.24430155, -53.02143222 -23.24430155, -53.02143222 -23.04285712, -53.20880135 -23.04285712, -53.20880135 -23.24430155","-53,20880135","-23,24430155","-53,02143222","-23,04285712"
4124004,Santana do Itararé,PR,251.269,"-49.76718415 -23.84686395, -49.54843335 -23.84686395, -49.54843335 -23.65211607, -49.76718415 -23.65211607, -49.76718415 -23.84686395","-49,76718415","-23,84686395","-49,54843335","-23,65211607"
4124020,Santa Tereza do Oeste,PR,326.190,"-53.73253895 -25.16911587, -53.50319389 -25.16911587, -53.50319389 -24.8709362, -53.73253895 -24.8709362, -53.73253895 -25.16911587","-53,73253895","-25,16911587","-53,50319389","-24,8709362"
4124053,Santa Terezinha de Itaipu,PR,268.258,"-54.5076101 -25.55251362, -54.32690918 -25.55251362, -54.32690918 -25.32465061, -54.5076101 -25.32465061, -54.5076101 -25.55251362","-54,5076101","-25,55251362","-54,32690918","-25,32465061"
4124103,Santo Antônio da Platina,PR,721.472,"-50.24282436 -23.45265028, -49.9251069 -23.45265028, -49.9251069 -23.12255971, -50.24282436 -23.12255971, -50.24282436 -23.45265028","-50,24282436","-23,45265028","-49,9251069","-23,12255971"
4124202,Santo Antônio do Caiuá,PR,219.068,"-52.42145936 -22.77630282, -52.2748254 -22.77630282, -52.2748254 -22.61059819, -52.42145936 -22.61059819, -52.42145936 -22.77630282","-52,42145936","-22,77630282","-52,2748254","-22,61059819"
4124301,Santo Antônio do Paraíso,PR,167.014,"-50.6972089 -23.71198706, -50.56316925 -23.71198706, -50.56316925 -23.45219366, -50.6972089 -23.45219366, -50.6972089 -23.71198706","-50,6972089","-23,71198706","-50,56316925","-23,45219366"
4124400,Santo Antônio do Sudoeste,PR,325.651,"-53.74312372 -26.1765551, -53.51213928 -26.1765551, -53.51213928 -25.95412292, -53.74312372 -25.95412292, -53.74312372 -26.1765551","-53,74312372","-26,1765551","-53,51213928","-25,95412292"
4124509,Santo Inácio,PR,280.133,"-51.87082516 -22.83101554, -51.71757548 -22.83101554, -51.71757548 -22.61412691, -51.87082516 -22.61412691, -51.87082516 -22.83101554","-51,87082516","-22,83101554","-51,71757548","-22,61412691"
4124608,São Carlos do Ivaí,PR,225.079,"-52.57944997 -23.46970281, -52.42070044 -23.46970281, -52.42070044 -23.26607406, -52.57944997 -23.26607406, -52.57944997 -23.46970281","-52,57944997","-23,46970281","-52,42070044","-23,26607406"
4124707,São Jerônimo da Serra,PR,823.774,"-50.95335449 -23.89469386, -50.54649669 -23.89469386, -50.54649669 -23.51974074, -50.95335449 -23.51974074, -50.95335449 -23.89469386","-50,95335449","-23,89469386","-50,54649669","-23,51974074"
4124806,São João,PR,388.059,"-52.94441409 -25.91741426, -52.67358376 -25.91741426, -52.67358376 -25.56565426, -52.94441409 -25.56565426, -52.94441409 -25.91741426","-52,94441409","-25,91741426","-52,67358376","-25,56565426"
4124905,São João do Caiuá,PR,304.413,"-52.42287762 -22.9322668, -52.22866081 -22.9322668, -52.22866081 -22.72997027, -52.42287762 -22.72997027, -52.42287762 -22.9322668","-52,42287762","-22,9322668","-52,22866081","-22,72997027"
4125001,São João do Ivaí,PR,353.331,"-51.96800957 -24.10384955, -51.6759321 -24.10384955, -51.6759321 -23.9008006, -51.96800957 -23.9008006, -51.96800957 -24.10384955","-51,96800957","-24,10384955","-51,6759321","-23,9008006"
4125100,São João do Triunfo,PR,720.407,"-50.48999999 -25.84118448, -50.08603847 -25.84118448, -50.08603847 -25.52777529, -50.48999999 -25.52777529, -50.48999999 -25.84118448","-50,48999999","-25,84118448","-50,08603847","-25,52777529"
4125209,São Jorge d'Oeste,PR,379.545,"-53.11595293 -25.78729328, -52.81160659 -25.78729328, -52.81160659 -25.53453402, -53.11595293 -25.53453402, -53.11595293 -25.78729328","-53,11595293","-25,78729328","-52,81160659","-25,53453402"
4125308,São Jorge do Ivaí,PR,315.088,"-52.42197368 -23.55763874, -52.17901446 -23.55763874, -52.17901446 -23.3141307, -52.42197368 -23.3141307, -52.42197368 -23.55763874","-52,42197368","-23,55763874","-52,17901446","-23,3141307"
4125357,São Jorge do Patrocínio,PR,406.413,"-54.08360612 -23.81771464, -53.75868053 -23.81771464, -53.75868053 -23.62824899, -54.08360612 -23.62824899, -54.08360612 -23.81771464","-54,08360612","-23,81771464","-53,75868053","-23,62824899"
4125407,São José da Boa Vista,PR,399.667,"-49.79302714 -24.08409725, -49.53580173 -24.08409725, -49.53580173 -23.82627981, -49.79302714 -23.82627981, -49.79302714 -24.08409725","-49,79302714","-24,08409725","-49,53580173","-23,82627981"
4125456,São José das Palmeiras,PR,182.419,"-54.21431814 -24.87867902, -54.03241111 -24.87867902, -54.03241111 -24.75492053, -54.21431814 -24.75492053, -54.21431814 -24.87867902","-54,21431814","-24,87867902","-54,03241111","-24,75492053"
4125506,São José dos Pinhais,PR,946.435,"-49.27142063 -25.83174343, -48.84256111 -25.83174343, -48.84256111 -25.462565, -49.27142063 -25.462565, -49.27142063 -25.83174343","-49,27142063","-25,83174343","-48,84256111","-25,462565"
4125555,São Manoel do Paraná,PR,95.381,"-52.66965523 -23.44026734, -52.53881584 -23.44026734, -52.53881584 -23.31713953, -52.66965523 -23.31713953, -52.66965523 -23.44026734","-52,66965523","-23,44026734","-52,53881584","-23,31713953"
4125605,São Mateus do Sul,PR,1.341.714,"-50.67698884 -26.13527991, -50.21733422 -26.13527991, -50.21733422 -25.71999394, -50.67698884 -25.71999394, -50.67698884 -26.13527991","-50,67698884","-26,13527991","-50,21733422","-25,71999394"
4125704,São Miguel do Iguaçu,PR,851.917,"-54.3999125 -25.59756356, -54.1069881 -25.59756356, -54.1069881 -25.19921429, -54.3999125 -25.19921429, -54.3999125 -25.59756356","-54,3999125","-25,59756356","-54,1069881","-25,19921429"
4125753,São Pedro do Iguaçu,PR,308.324,"-54.06550967 -24.99957458, -53.67439152 -24.99957458, -53.67439152 -24.77486534, -54.06550967 -24.77486534, -54.06550967 -24.99957458","-54,06550967","-24,99957458","-53,67439152","-24,77486534"
4125803,São Pedro do Ivaí,PR,322.692,"-52.00857179 -23.93383206, -51.73453039 -23.93383206, -51.73453039 -23.72597255, -52.00857179 -23.72597255, -52.00857179 -23.93383206","-52,00857179","-23,93383206","-51,73453039","-23,72597255"
4125902,São Pedro do Paraná,PR,250.654,"-53.28870913 -22.89952381, -53.09905094 -22.89952381, -53.09905094 -22.65212413, -53.28870913 -22.65212413, -53.28870913 -22.89952381","-53,28870913","-22,89952381","-53,09905094","-22,65212413"
4126009,São Sebastião da Amoreira,PR,226.872,"-50.80592958 -23.55676867, -50.62448628 -23.55676867, -50.62448628 -23.34735727, -50.80592958 -23.34735727, -50.80592958 -23.55676867","-50,80592958","-23,55676867","-50,62448628","-23,34735727"
4126108,São Tomé,PR,218.623,"-52.67174563 -23.59493215, -52.39018682 -23.59493215, -52.39018682 -23.45288194, -52.67174563 -23.45288194, -52.67174563 -23.59493215","-52,67174563","-23,59493215","-52,39018682","-23,45288194"
4126207,Sapopema,PR,677.609,"-50.80492156 -24.03009164, -50.41834558 -24.03009164, -50.41834558 -23.73542067, -50.80492156 -23.73542067, -50.80492156 -24.03009164","-50,80492156","-24,03009164","-50,41834558","-23,73542067"
4126256,Sarandi,PR,103.501,"-51.92819885 -23.56076172, -51.79713479 -23.56076172, -51.79713479 -23.39267757, -51.92819885 -23.39267757, -51.92819885 -23.56076172","-51,92819885","-23,56076172","-51,79713479","-23,39267757"
4126272,Saudade do Iguaçu,PR,152.084,"-52.67733785 -25.80132006, -52.53969809 -25.80132006, -52.53969809 -25.60828291, -52.67733785 -25.60828291, -52.67733785 -25.80132006","-52,67733785","-25,80132006","-52,53969809","-25,60828291"
4126306,Sengés,PR,1.441.333,"-49.63441021 -24.61421213, -49.20067852 -24.61421213, -49.20067852 -23.9162336, -49.63441021 -23.9162336, -49.63441021 -24.61421213","-49,63441021","-24,61421213","-49,20067852","-23,9162336"
4126355,Serranópolis do Iguaçu,PR,482.394,"-54.15410456 -25.61957959, -53.89113549 -25.61957959, -53.89113549 -25.33437393, -54.15410456 -25.33437393, -54.15410456 -25.61957959","-54,15410456","-25,61957959","-53,89113549","-25,33437393"
4126405,Sertaneja,PR,444.492,"-51.00772104 -23.12115879, -50.77081892 -23.12115879, -50.77081892 -22.78210034, -51.00772104 -22.78210034, -51.00772104 -23.12115879","-51,00772104","-23,12115879","-50,77081892","-22,78210034"
4126504,Sertanópolis,PR,505.532,"-51.17052798 -23.2008715, -50.94126804 -23.2008715, -50.94126804 -22.93270547, -51.17052798 -22.93270547, -51.17052798 -23.2008715","-51,17052798","-23,2008715","-50,94126804","-22,93270547"
4126603,Siqueira Campos,PR,278.035,"-49.90953345 -23.7656411, -49.65112665 -23.7656411, -49.65112665 -23.54631764, -49.90953345 -23.54631764, -49.90953345 -23.7656411","-49,90953345","-23,7656411","-49,65112665","-23,54631764"
4126652,Sulina,PR,170.759,"-52.78321675 -25.76543567, -52.615993 -25.76543567, -52.615993 -25.57002983, -52.78321675 -25.57002983, -52.78321675 -25.76543567","-52,78321675","-25,76543567","-52,615993","-25,57002983"
4126678,Tamarana,PR,472.155,"-51.19042706 -23.92959622, -50.87557607 -23.92959622, -50.87557607 -23.70305959, -51.19042706 -23.70305959, -51.19042706 -23.92959622","-51,19042706","-23,92959622","-50,87557607","-23,70305959"
4126702,Tamboara,PR,193.346,"-52.5469431 -23.26782946, -52.42051961 -23.26782946, -52.42051961 -23.1307526, -52.5469431 -23.1307526, -52.5469431 -23.26782946","-52,5469431","-23,26782946","-52,42051961","-23,1307526"
4126801,Tapejara,PR,591.399,"-53.04822223 -23.80774224, -52.69601741 -23.80774224, -52.69601741 -23.47626141, -53.04822223 -23.47626141, -53.04822223 -23.80774224","-53,04822223","-23,80774224","-52,69601741","-23,47626141"
4126900,Tapira,PR,434.371,"-53.234088 -23.48239631, -52.99670939 -23.48239631, -52.99670939 -23.19406866, -53.234088 -23.19406866, -53.234088 -23.48239631","-53,234088","-23,48239631","-52,99670939","-23,19406866"
4127007,Teixeira Soares,PR,902.793,"-50.57599855 -25.53077266, -50.26183201 -25.53077266, -50.26183201 -25.08996016, -50.57599855 -25.08996016, -50.57599855 -25.53077266","-50,57599855","-25,53077266","-50,26183201","-25,08996016"
4127106,Telêmaco Borba,PR,1.382.860,"-50.74129175 -24.47101466, -50.26883379 -24.47101466, -50.26883379 -24.03663531, -50.74129175 -24.03663531, -50.74129175 -24.47101466","-50,74129175","-24,47101466","-50,26883379","-24,03663531"
4127205,Terra Boa,PR,320.850,"-52.51891699 -23.83812183, -52.25980346 -23.83812183, -52.25980346 -23.55249101, -52.51891699 -23.55249101, -52.51891699 -23.83812183","-52,51891699","-23,83812183","-52,25980346","-23,55249101"
4127304,Terra Rica,PR,700.599,"-52.84935719 -22.87348498, -52.53781048 -22.87348498, -52.53781048 -22.56593315, -52.84935719 -22.56593315, -52.84935719 -22.87348498","-52,84935719","-22,87348498","-52,53781048","-22,56593315"
4127403,Terra Roxa,PR,800.807,"-54.1789796 -24.39668081, -53.95860691 -24.39668081, -53.95860691 -23.98140567, -54.1789796 -23.98140567, -54.1789796 -24.39668081","-54,1789796","-24,39668081","-53,95860691","-23,98140567"
4127502,Tibagi,PR,2.977.933,"-50.87695581 -25.00764016, -50.08600266 -25.00764016, -50.08600266 -24.36223994, -50.87695581 -24.36223994, -50.87695581 -25.00764016","-50,87695581","-25,00764016","-50,08600266","-24,36223994"
4127601,Tijucas do Sul,PR,671.889,"-49.30564229 -26.0312704, -48.9540999 -26.0312704, -48.9540999 -25.74033195, -49.30564229 -25.74033195, -49.30564229 -26.0312704","-49,30564229","-26,0312704","-48,9540999","-25,74033195"
4127700,Toledo,PR,1.198.049,"-54.0426095 -24.94232675, -53.53488936 -24.94232675, -53.53488936 -24.45297396, -54.0426095 -24.45297396, -54.0426095 -24.94232675","-54,0426095","-24,94232675","-53,53488936","-24,45297396"
4127809,Tomazina,PR,591.438,"-50.09433647 -23.90477554, -49.82562722 -23.90477554, -49.82562722 -23.53708966, -50.09433647 -23.53708966, -50.09433647 -23.90477554","-50,09433647","-23,90477554","-49,82562722","-23,53708966"
4127858,Três Barras do Paraná,PR,505.505,"-53.37173746 -25.59188482, -53.08078 -25.59188482, -53.08078 -25.30253271, -53.37173746 -25.30253271, -53.37173746 -25.59188482","-53,37173746","-25,59188482","-53,08078","-25,30253271"
4127882,Tunas do Paraná,PR,668.478,"-49.12584763 -25.05091865, -48.6503149 -25.05091865, -48.6503149 -24.82734972, -49.12584763 -24.82734972, -49.12584763 -25.05091865","-49,12584763","-25,05091865","-48,6503149","-24,82734972"
4127908,Tuneiras do Oeste,PR,698.871,"-53.02718291 -24.02988525, -52.69541571 -24.02988525, -52.69541571 -23.68917239, -53.02718291 -23.68917239, -53.02718291 -24.02988525","-53,02718291","-24,02988525","-52,69541571","-23,68917239"
4127957,Tupãssi,PR,299.769,"-53.60156763 -24.74983297, -53.41586926 -24.74983297, -53.41586926 -24.53091171, -53.60156763 -24.53091171, -53.60156763 -24.74983297","-53,60156763","-24,74983297","-53,41586926","-24,53091171"
4127965,Turvo,PR,938.966,"-51.78451942 -25.17698628, -51.2943562 -25.17698628, -51.2943562 -24.7547957, -51.78451942 -24.7547957, -51.78451942 -25.17698628","-51,78451942","-25,17698628","-51,2943562","-24,7547957"
4128005,Ubiratã,PR,652.581,"-53.18251155 -24.67397975, -52.87302225 -24.67397975, -52.87302225 -24.34683661, -53.18251155 -24.34683661, -53.18251155 -24.67397975","-53,18251155","-24,67397975","-52,87302225","-24,34683661"
4128104,Umuarama,PR,1.234.537,"-53.66589516 -23.96515974, -53.16640545 -23.96515974, -53.16640545 -23.44880302, -53.66589516 -23.44880302, -53.66589516 -23.96515974","-53,66589516","-23,96515974","-53,16640545","-23,44880302"
4128203,União da Vitória,PR,719.998,"-51.28509899 -26.30182608, -50.89745391 -26.30182608, -50.89745391 -25.94004005, -51.28509899 -25.94004005, -51.28509899 -26.30182608","-51,28509899","-26,30182608","-50,89745391","-25,94004005"
4128302,Uniflor,PR,94.819,"-52.19070271 -23.11473251, -52.01743495 -23.11473251, -52.01743495 -23.01932102, -52.19070271 -23.01932102, -52.19070271 -23.11473251","-52,19070271","-23,11473251","-52,01743495","-23,01932102"
4128401,Uraí,PR,237.810,"-50.90328188 -23.30517153, -50.72816444 -23.30517153, -50.72816444 -23.10980477, -50.90328188 -23.10980477, -50.90328188 -23.30517153","-50,90328188","-23,30517153","-50,72816444","-23,10980477"
4128500,Wenceslau Braz,PR,397.916,"-49.92383805 -24.00625636, -49.67262004 -24.00625636, -49.67262004 -23.73342037, -49.92383805 -23.73342037, -49.92383805 -24.00625636","-49,92383805","-24,00625636","-49,67262004","-23,73342037"
4128534,Ventania,PR,819.334,"-50.36439953 -24.43074703, -50.09439857 -24.43074703, -50.09439857 -23.95425552, -50.36439953 -23.95425552, -50.36439953 -24.43074703","-50,36439953","-24,43074703","-50,09439857","-23,95425552"
4128559,Vera Cruz do Oeste,PR,327.090,"-54.04510574 -25.10312846, -53.81128002 -25.10312846, -53.81128002 -24.88970107, -54.04510574 -24.88970107, -54.04510574 -25.10312846","-54,04510574","-25,10312846","-53,81128002","-24,88970107"
4128609,Verê,PR,311.801,"-53.09554636 -25.95133333, -52.84275899 -25.95133333, -52.84275899 -25.74473094, -53.09554636 -25.74473094, -53.09554636 -25.95133333","-53,09554636","-25,95133333","-52,84275899","-25,74473094"
4128625,Alto Paraíso,PR,967.772,"-54.03063649 -23.67437005, -53.65115013 -23.67437005, -53.65115013 -23.35934202, -54.03063649 -23.35934202, -54.03063649 -23.67437005","-54,03063649","-23,67437005","-53,65115013","-23,35934202"
4128633,Doutor Ulysses,PR,777.482,"-49.64746499 -24.79817866, -49.20347696 -24.79817866, -49.20347696 -24.41694882, -49.64746499 -24.41694882, -49.64746499 -24.79817866","-49,64746499","-24,79817866","-49,20347696","-24,41694882"
4128658,Virmond,PR,249.094,"-52.30778121 -25.57734307, -52.16353585 -25.57734307, -52.16353585 -25.25406489, -52.30778121 -25.25406489, -52.30778121 -25.57734307","-52,30778121","-25,57734307","-52,16353585","-25,25406489"
4128708,Vitorino,PR,308.218,"-52.94264829 -26.36104078, -52.66089776 -26.36104078, -52.66089776 -26.14668562, -52.94264829 -26.14668562, -52.94264829 -26.36104078","-52,94264829","-26,36104078","-52,66089776","-26,14668562"
4128807,Xambrê,PR,359.712,"-53.75002105 -23.84796197, -53.454181 -23.84796197, -53.454181 -23.65137069, -53.75002105 -23.65137069, -53.75002105 -23.84796197","-53,75002105","-23,84796197","-53,454181","-23,65137069"